file,format,date,manager,note,sha,sig,rows,teams,league_pa,league_ops,added_utc,source
earlygold_101.csv,earlygold,2026-06-25,nick,,5c958099956fc436,2fd5bb80febe17bf,2757,126,40642,0.695,2026-08-27T02:54:16Z,nick
earlygold_102.csv,earlygold,2026-06-25,nick,,d3afab8cdeaf086d,72e17278834541f0,2803,127,40557,0.679,2026-08-27T02:54:16Z,nick
earlygold_103.csv,earlygold,2026-06-26,nick,,a7751c74ec030fb8,90c0e785bba3bd81,2739,125,41193,0.693,2026-08-27T02:54:16Z,nick
earlygold_109.csv,earlygold,2026-07-06,nick,,910cc59e40bc7e47,0f676eaeceda758c,2722,125,40254,0.689,2026-08-27T02:54:16Z,nick
earlygold_10_tourn_export.csv,earlygold,2026-03-25,nick,,8bf405c679df7ebc,d29324fb66eaffb1,1390,61,19698,0.671,2026-08-27T02:54:16Z,nick
earlygold_111.csv,earlygold,2026-07-06,nick,,43cd6be3f5f2a2e0,30befb4aed8b3b95,2746,127,40147,0.678,2026-08-27T02:54:16Z,nick
earlygold_113.csv,earlygold,2026-07-06,nick,,a7b11b029e545ec1,4fca761848d89811,2773,127,41951,0.674,2026-08-27T02:54:16Z,nick
earlygold_114.csv,earlygold,2026-07-06,nick,,0da2ee54e8b1d1ad,4415edcd3dfe6edd,2683,124,39944,0.689,2026-08-27T02:54:16Z,nick
earlygold_115.csv,earlygold,2026-07-08,nick,,7d48b06d1b06fa1f,024a69fb3bfb8b8f,2756,125,40194,0.693,2026-08-27T02:54:16Z,nick
earlygold_116.csv,earlygold,2026-07-09,nick,,79763f199c2447f3,e013de4ad6454060,2775,126,40010,0.684,2026-08-27T02:54:16Z,nick
earlygold_117.csv,earlygold,2026-07-10,nick,,b278f062683dd7a0,9f9f86fd35f1fcc5,2667,123,38929,0.705,2026-08-27T02:54:16Z,nick
earlygold_118.csv,earlygold,2026-07-11,nick,,58685685f020a066,e0215d744e200067,2736,123,40592,0.698,2026-08-27T02:54:16Z,nick
earlygold_119.csv,earlygold,2026-07-11,nick,,4136fda415121a23,f18e77a19fec556d,2735,124,38432,0.688,2026-08-27T02:54:17Z,nick
earlygold_120.csv,earlygold,2026-07-13,nick,,850d33dde2310265,c3eefea33fbfe607,2711,125,38936,0.689,2026-08-27T02:54:17Z,nick
earlygold_121.csv,earlygold,2026-07-15,nick,,7d5dd031b0ea50f1,5b7f1558dff707f9,2759,126,39080,0.678,2026-08-27T02:54:17Z,nick
earlygold_122.csv,earlygold,2026-07-15,nick,,7d6d30585c43eb2c,9db98b9a46c9b603,2715,123,40647,0.694,2026-08-27T02:54:17Z,nick
earlygold_123.csv,earlygold,2026-07-15,nick,,55f72a98cec628a0,b891be120e2d054d,2748,123,40726,0.701,2026-08-27T02:54:17Z,nick
earlygold_124.csv,earlygold,2026-07-21,nick,,902d6a14113d6295,8914e6cb67bdf91d,2708,123,40022,0.695,2026-08-27T02:54:17Z,nick
earlygold_125.csv,earlygold,2026-07-21,nick,,01abfb4c75d9218b,31abe63494e1270d,2774,126,41420,0.686,2026-08-27T02:54:17Z,nick
earlygold_126.csv,earlygold,2026-07-21,nick,,88f94c4fcf664d05,4f212141d1ff0f6a,2758,127,40352,0.676,2026-08-27T02:54:17Z,nick
earlygold_127.csv,earlygold,2026-07-21,nick,,f50e4c36e91be15c,645e49eb1b3e8ad9,2728,125,41167,0.687,2026-08-27T02:54:17Z,nick
earlygold_129.csv,earlygold,2026-07-23,nick,,d417262f49ca67f6,c91d891bef6da9c5,2690,124,39558,0.703,2026-08-27T02:54:17Z,nick
earlygold_12_tourn_export.csv,earlygold,2026-03-27,nick,,4fe08afcbb6920c5,529a4e12398987e1,1432,63,20174,0.67,2026-08-27T02:54:17Z,nick
earlygold_13.csv,earlygold,2026-03-27,nick,,7f21a159b755e1e6,8257b2495a3487f6,1323,58,19383,0.695,2026-08-27T02:54:17Z,nick
earlygold_130.csv,earlygold,2026-07-23,nick,,366cdb57dead4d35,f2e9a79fa95e322b,2727,125,40175,0.687,2026-08-27T02:54:17Z,nick
earlygold_131.csv,earlygold,2026-07-24,nick,,b07d3b14d4c9a2a9,f081d609cb084e52,2713,123,40145,0.7,2026-08-27T02:54:17Z,nick
earlygold_132.csv,earlygold,2026-07-29,nick,,79929191c10efb29,9d3c6a20c744d5e9,2723,124,41122,0.712,2026-08-27T02:54:17Z,nick
earlygold_133.csv,earlygold,2026-07-29,nick,,a7debd34a11c35e6,6d6297415372c532,2740,125,40746,0.68,2026-08-27T02:54:17Z,nick
earlygold_134.csv,earlygold,2026-07-29,nick,,0f1f29d1786ac0d4,e83e3b98e815e428,2662,125,39060,0.683,2026-08-27T02:54:17Z,nick
earlygold_135.csv,earlygold,2026-07-29,nick,,13f13f2bb02a893a,0669837f285aea8d,2682,122,40432,0.724,2026-08-27T02:54:17Z,nick
earlygold_136.csv,earlygold,2026-07-29,nick,,e3d8e907641f0d4b,6de3eba0dee45e48,2767,126,40738,0.689,2026-08-27T02:54:17Z,nick
earlygold_137.csv,earlygold,2026-08-04,nick,,b8087df11185fca0,cefb4f63551e5fc1,2763,126,40462,0.688,2026-08-27T02:54:17Z,nick
earlygold_138.csv,earlygold,2026-08-04,nick,,23d59f45e403ca8c,a7d1176bbe298497,2778,127,40823,0.685,2026-08-27T02:54:17Z,nick
earlygold_139.csv,earlygold,2026-08-04,nick,,ce7459cd4b34255d,b129d4c402a68e85,2714,126,40507,0.689,2026-08-27T02:54:17Z,nick
earlygold_140.csv,earlygold,2026-08-04,nick,,092bf6a5ee9bf7ca,c89aedd36e6a33f8,2640,122,39698,0.705,2026-08-27T02:54:17Z,nick
earlygold_142.csv,earlygold,2026-08-04,nick,,c8ef0fa686378b9d,0219c7faf9763179,2757,125,39754,0.686,2026-08-27T02:54:17Z,nick
earlygold_143.csv,earlygold,2026-08-11,nick,,03fa010cb35a7f5c,53010de31241ca93,2798,127,39619,0.68,2026-08-27T02:54:18Z,nick
earlygold_144.csv,earlygold,2026-08-11,nick,,87a8091b8c9ff23d,b5c8c99d851bddda,2767,125,40950,0.688,2026-08-27T02:54:18Z,nick
earlygold_145.csv,earlygold,2026-08-11,nick,,2a32a05a5801353f,5a336d971a83b537,2788,127,39558,0.674,2026-08-27T02:54:18Z,nick
earlygold_146.csv,earlygold,2026-08-11,nick,,e42c1e2918877e04,c9ba990073ff3c6c,2796,126,40663,0.685,2026-08-27T02:54:18Z,nick
earlygold_147.csv,earlygold,2026-08-11,nick,,7fada5e414d031ef,c3e53f23b0591674,2692,124,41010,0.703,2026-08-27T02:54:18Z,nick
earlygold_149.csv,earlygold,2026-08-11,nick,,66a343c7d5a2fd45,4e1e4b2514b82105,2669,123,41207,0.701,2026-08-27T02:54:18Z,nick
earlygold_15.csv,earlygold,2026-04-01,nick,,9dfae2c7039e75d0,5ad903f9c1145bfa,1358,60,19378,0.704,2026-08-27T02:54:18Z,nick
earlygold_155.csv,earlygold,2026-08-23,nick,,d36c4eed698c21b3,1bdbba90a386b51f,2710,125,39850,0.688,2026-08-27T02:54:18Z,nick
earlygold_157.csv,earlygold,2026-08-23,nick,,6d3a5e018579f7c0,477ff83c461315e7,2760,126,39756,0.675,2026-08-27T02:54:18Z,nick
earlygold_158.csv,earlygold,2026-08-23,nick,,be3711f05500d172,580246b86d99267f,2707,124,39554,0.69,2026-08-27T02:54:18Z,nick
earlygold_159.csv,earlygold,2026-08-23,nick,,f9396cec9515a036,c6c9b95f8601c5e6,2796,127,41305,0.673,2026-08-27T02:54:18Z,nick
earlygold_16.csv,earlygold,2026-04-01,nick,,0ecef8ba0c850ce2,c153fa59b75a7c6c,1456,62,21015,0.677,2026-08-27T02:54:18Z,nick
earlygold_160.csv,earlygold,2026-08-23,nick,,264ee74ef27c7804,99f77e89c2df9b57,2802,127,39610,0.673,2026-08-27T02:54:18Z,nick
earlygold_161.csv,earlygold,2026-08-23,nick,,99743c6c5e8f8442,240cd33a6570c9e9,2691,124,39818,0.696,2026-08-27T02:54:18Z,nick
earlygold_162.csv,earlygold,2026-08-23,nick,,9488bfe7e3548e0a,bf19a09f5f77c8df,2676,123,40411,0.7,2026-08-27T02:54:18Z,nick
earlygold_17.csv,earlygold,2026-04-01,nick,,0a4767d1e0ccfe68,6d28b6d41b6f8b98,1435,64,20721,0.648,2026-08-27T02:54:18Z,nick
earlygold_1_tourn_export.csv,earlygold,2026-03-16,nick,,8deda7f35511838e,e4b859c6ec86f48c,1430,63,20326,0.649,2026-08-27T02:54:18Z,nick
earlygold_25.csv,earlygold,2026-04-09,nick,,0f8e1d55efe899bd,39a8a00dff8beec0,1384,61,19921,0.673,2026-08-27T02:54:18Z,nick
earlygold_26.csv,earlygold,2026-04-11,nick,,ca3774a2c0dfec3c,923f569f644dd92a,1389,62,19801,0.67,2026-08-27T02:54:18Z,nick
earlygold_27.csv,earlygold,2026-04-11,nick,,81e6113e1b7fbdd3,9aae64755df4f957,1373,62,19679,0.669,2026-08-27T02:54:18Z,nick
earlygold_28.csv,earlygold,2026-04-12,nick,,dbd03aab5e8afb02,59cc824cb43bfc6d,1421,63,19759,0.674,2026-08-27T02:54:18Z,nick
earlygold_29.csv,earlygold,2026-04-14,nick,,1de5dc8c0e0b2ccf,155e0f4b76ae417a,1363,62,19347,0.66,2026-08-27T02:54:18Z,nick
earlygold_30.csv,earlygold,2026-04-14,nick,,479947e3fafbd36e,8978e958899ec776,1439,63,19685,0.684,2026-08-27T02:54:18Z,nick
earlygold_31.csv,earlygold,2026-04-19,nick,,4c5daf66d159f0f1,d3177bd4a772ba9c,1352,61,19912,0.668,2026-08-27T02:54:18Z,nick
earlygold_32.csv,earlygold,2026-04-19,nick,,1cb59a8cb3d59348,c2ff9270d689e9da,1419,63,20060,0.656,2026-08-27T02:54:18Z,nick
earlygold_36.csv,earlygold,2026-04-21,nick,,3af6cf4b810352ee,c08f51c4ea61adcc,2735,122,38653,0.674,2026-08-27T02:54:18Z,nick
earlygold_37.csv,earlygold,2026-04-21,nick,,b881b6bb262e8c76,fe9f5f344ada21a7,2895,126,40835,0.659,2026-08-27T02:54:18Z,nick
earlygold_38.csv,earlygold,2026-04-24,nick,,a5707b40f15697f1,aaee475b2173ecce,2782,123,40721,0.673,2026-08-27T02:54:19Z,nick
earlygold_3_tourn_export.csv,earlygold,2026-03-18,nick,,2bd1ee68035f9d90,16f4a8c545dba566,1401,62,19972,0.669,2026-08-27T02:54:19Z,nick
earlygold_40.csv,earlygold,2026-04-24,nick,,e4ccb1a1349120e8,0b907da975d1e06a,2788,125,39441,0.671,2026-08-27T02:54:19Z,nick
earlygold_42.csv,earlygold,2026-04-26,nick,,2f4d1b10fc479478,741c9be6d2554e7c,2882,128,40013,0.656,2026-08-27T02:54:19Z,nick
earlygold_43.csv,earlygold,2026-04-28,nick,,a55a812a85084bb5,5a54e40db850903d,2829,124,41019,0.657,2026-08-27T02:54:19Z,nick
earlygold_44.csv,earlygold,2026-04-28,nick,,6af89046c6fb2dc7,f47ba240f574ae9f,2812,124,40388,0.67,2026-08-27T02:54:19Z,nick
earlygold_45.csv,earlygold,2026-05-02,nick,,9c6c2287d5f6f15d,0c6cd65d9fd14fb7,2734,122,39353,0.674,2026-08-27T02:54:19Z,nick
earlygold_46.csv,earlygold,2026-05-02,nick,,5c3cee094b1babaf,61dff1d763142453,2736,123,39005,0.666,2026-08-27T02:54:19Z,nick
earlygold_47.csv,earlygold,2026-05-02,nick,,c7b667500caa31b3,dd6df9d45c0d1ac9,2720,122,38517,0.671,2026-08-27T02:54:19Z,nick
earlygold_48.csv,earlygold,2026-05-02,nick,,e35d38a7e4243cc0,f6115c02776c517f,2775,123,40029,0.676,2026-08-27T02:54:19Z,nick
earlygold_4_tourn_export.csv,earlygold,2026-03-18,nick,,668bb8dfc64a9888,fe8851357d2ccfb2,1398,62,20142,0.676,2026-08-27T02:54:19Z,nick
earlygold_50.csv,earlygold,2026-05-10,nick,,a35a41a732124a3d,80fa9b487b29c515,2834,125,40405,0.661,2026-08-27T02:54:19Z,nick
earlygold_52.csv,earlygold,2026-05-10,nick,,656185c90aaa338a,108e5285761db5ef,2782,125,40831,0.66,2026-08-27T02:54:19Z,nick
earlygold_53.csv,earlygold,2026-05-10,nick,,27cb28d21d0e678f,5b2c99acdd1fb343,2768,125,40066,0.663,2026-08-27T02:54:19Z,nick
earlygold_54.csv,earlygold,2026-05-10,nick,,155dbb3d669d695b,2c67af753e79a11d,2804,125,41009,0.662,2026-08-27T02:54:19Z,nick
earlygold_55.csv,earlygold,2026-05-10,nick,,1d4f9be887ef10a8,a2bb6cdd00d3c25a,2728,122,38932,0.668,2026-08-27T02:54:19Z,nick
earlygold_56.csv,earlygold,2026-05-10,nick,,534ca5dd174467a9,827e4263021e16de,2759,124,38901,0.665,2026-08-27T02:54:19Z,nick
earlygold_57.csv,earlygold,2026-05-12,nick,,b5444e4744e947c8,4404c6e0c48016d4,2756,123,39341,0.672,2026-08-27T02:54:19Z,nick
earlygold_58.csv,earlygold,2026-05-12,nick,,8a9b9cd2a01d498c,9bd082cb4f690ab3,2715,123,41355,0.701,2026-08-27T02:54:19Z,nick
earlygold_64.csv,earlygold,2026-05-23,nick,,30da7c1af7ba83ab,8582720913d2a389,2590,123,38158,0.697,2026-08-27T02:54:19Z,nick
earlygold_65.csv,earlygold,2026-05-23,nick,,a713d46ab20ef2bc,4f74aa0deda21647,2781,126,41518,0.681,2026-08-27T02:54:19Z,nick
earlygold_66.csv,earlygold,2026-05-23,nick,,d2fd1b0fb96bbb0c,67aad66f93d7e1e8,2729,125,41844,0.682,2026-08-27T02:54:19Z,nick
earlygold_67.csv,earlygold,2026-05-23,nick,,8834efaa65096c68,3a97f74b7c65b58c,2755,126,41500,0.675,2026-08-27T02:54:19Z,nick
earlygold_70.csv,earlygold,2026-05-27,nick,,f2226ed66b9e2cec,f8b1a124eb1bdc30,2692,125,39550,0.676,2026-08-27T02:54:19Z,nick
earlygold_71.csv,earlygold,2026-05-27,nick,,1d7a7a7d34a13d2c,2fa51f23b4bc16c1,2744,126,40895,0.681,2026-08-27T02:54:20Z,nick
earlygold_72.csv,earlygold,2026-05-27,nick,,e4d2c04c273b0ed1,76e1469d61cf647c,2604,121,40147,0.71,2026-08-27T02:54:20Z,nick
earlygold_73.csv,earlygold,2026-05-27,nick,,a988cf22cec67724,d7bc9b208f8a1bd6,2680,123,40333,0.691,2026-08-27T02:54:20Z,nick
earlygold_74.csv,earlygold,2026-05-29,nick,,0ca22954f43e98b1,ffc1133d90f1a289,2665,124,40620,0.697,2026-08-27T02:54:20Z,nick
earlygold_75.csv,earlygold,2026-05-29,nick,,6116e80d0bd4f959,ccb18e44b15780af,2633,124,38684,0.691,2026-08-27T02:54:20Z,nick
earlygold_76.csv,earlygold,2026-05-29,nick,,d6c58674985f16a4,14ed5d56a36095ab,2743,125,41315,0.695,2026-08-27T02:54:20Z,nick
earlygold_7_tourn_export.csv,earlygold,2026-03-22,nick,,2f7952242c05fc93,099689b1a596e9ef,1364,60,20749,0.686,2026-08-27T02:54:20Z,nick
earlygold_81.csv,earlygold,2026-06-10,nick,,d312c83e8d8b05af,0c9579c292276e9a,2679,125,40234,0.677,2026-08-27T02:54:20Z,nick
earlygold_82.csv,earlygold,2026-06-10,nick,,c4445842382331ad,ad56758a25fff519,2744,126,39707,0.678,2026-08-27T02:54:20Z,nick
earlygold_84.csv,earlygold,2026-06-10,nick,,ea324db2dae81c42,bec7e010f5dbe8cb,2680,125,39722,0.684,2026-08-27T02:54:20Z,nick
earlygold_85.csv,earlygold,2026-06-10,nick,,ff82aea7fc3e16f5,823cc1160af70b8c,2679,124,40415,0.695,2026-08-27T02:54:20Z,nick
earlygold_87.csv,earlygold,2026-06-12,nick,,c240fcee723e610c,01c4b14e6c7fd488,2761,125,40599,0.691,2026-08-27T02:54:20Z,nick
earlygold_88.csv,earlygold,2026-06-12,nick,,2c62f1e41d7dba39,6876ab6fb801d834,2717,126,40590,0.679,2026-08-27T02:54:20Z,nick
earlygold_89.csv,earlygold,2026-06-12,nick,,6d4692ae17f1bc01,76a9e6ff91876c3f,2769,126,40617,0.686,2026-08-27T02:54:20Z,nick
earlygold_8_tourn_export.csv,earlygold,2026-03-22,nick,,790f428304f53cdd,2fcd2c08dc85a832,1322,59,19586,0.677,2026-08-27T02:54:20Z,nick
earlygold_90.csv,earlygold,2026-06-13,nick,,97770e0622639600,2d0a6a96f84a047f,2699,125,40028,0.697,2026-08-27T02:54:20Z,nick
earlygold_93.csv,earlygold,2026-06-16,nick,,aa1f7bb04f0a3bb5,3707cfc727467a31,2696,124,40631,0.705,2026-08-27T02:54:20Z,nick
earlygold_94.csv,earlygold,2026-06-16,nick,,06feb5f1ffedcfee,baf82c0f63324cac,2630,120,39920,0.718,2026-08-27T02:54:20Z,nick
earlygold_95.csv,earlygold,2026-06-19,nick,,3e35872ae77bc580,4cc932268dca5a21,2728,124,41591,0.688,2026-08-27T02:54:20Z,nick
earlygold_96.csv,earlygold,2026-06-19,nick,,bec57ec1b9f63e8c,5cfd0bf7e9fcfdec,2721,125,40252,0.692,2026-08-27T02:54:20Z,nick
earlygold_98.csv,earlygold,2026-06-23,nick,,ad6c9d8909a14318,13d0cded006ad8e2,2654,122,40506,0.708,2026-08-27T02:54:20Z,nick
earlygold_99.csv,earlygold,2026-06-23,nick,,3274170bf2c3e323,5d029576dfc566aa,2702,124,41314,0.694,2026-08-27T02:54:20Z,nick
earlygold_9_tourn_export.csv,earlygold,2026-03-24,nick,,f018f8ef59ca4ea9,ee6316a18ef09118,1351,61,20030,0.674,2026-08-27T02:54:20Z,nick
goldcap_101.csv,goldcap,2026-06-25,nick,,80783e7af4df0028,6435e781354b9d82,1531,62,28089,0.729,2026-08-27T02:54:20Z,nick
goldcap_102.csv,goldcap,2026-06-25,nick,,346175e68e47ff75,778bbb741ddf381f,1509,61,28772,0.749,2026-08-27T02:54:21Z,nick
goldcap_103.csv,goldcap,2026-06-26,nick,,55861642df1a8c97,7142a9240c074989,1518,62,27836,0.737,2026-08-27T02:54:21Z,nick
goldcap_107.csv,goldcap,2026-07-06,nick,,2771bbb6279ceef3,f290db7f6fd812b4,1564,63,28167,0.754,2026-08-27T02:54:21Z,nick
goldcap_108.csv,goldcap,2026-07-06,nick,,076ff42fa3eb3f58,cdd9f2a831f7ce8c,1488,61,27634,0.733,2026-08-27T02:54:21Z,nick
goldcap_109.csv,goldcap,2026-07-06,nick,,45a79b859dae846e,c436367c577398e7,1462,59,28227,0.781,2026-08-27T02:54:21Z,nick
goldcap_110.csv,goldcap,2026-07-06,nick,,014eeee167dfd156,0760c2826e672b98,1505,61,27667,0.735,2026-08-27T02:54:21Z,nick
goldcap_112.csv,goldcap,2026-07-06,nick,,943f3ab0f5d6ff7c,bcee2bcc55df1c34,1491,60,28044,0.778,2026-08-27T02:54:21Z,nick
goldcap_113.csv,goldcap,2026-07-06,nick,,77dec9c207702c22,0f07129ac1dc4168,1549,63,27795,0.725,2026-08-27T02:54:21Z,nick
goldcap_114.csv,goldcap,2026-07-08,nick,,ffaf82b0baf1e14f,d82bcb35a8256b74,1492,61,27674,0.759,2026-08-27T02:54:21Z,nick
goldcap_117.csv,goldcap,2026-07-10,nick,,d05122e7e433fbd9,74d2baad21333dbc,1567,65,29005,0.742,2026-08-27T02:54:21Z,nick
goldcap_118.csv,goldcap,2026-07-11,nick,,e0c0d58320feb0be,b19cc1af7741e3f8,1547,63,27814,0.733,2026-08-27T02:54:21Z,nick
goldcap_119.csv,goldcap,2026-07-13,nick,,84b34e72cfc6ed48,a0d436f0e5fc68ee,1574,64,27521,0.714,2026-08-27T02:54:21Z,nick
goldcap_120.csv,goldcap,2026-07-13,nick,,3e4236659ffde3e6,33b98c52fb93f265,1486,60,27795,0.77,2026-08-27T02:54:21Z,nick
goldcap_121.csv,goldcap,2026-07-15,nick,,b365d39d775c9687,c00518b741c0059d,1499,62,27803,0.725,2026-08-27T02:54:21Z,nick
goldcap_123.csv,goldcap,2026-07-21,nick,,421a75f140c3d448,8b9e41edd923b2f0,1514,63,26925,0.745,2026-08-27T02:54:21Z,nick
goldcap_124.csv,goldcap,2026-07-21,nick,,ca43d69e01bc87c0,a81e2bfd0c661409,1515,63,28118,0.728,2026-08-27T02:54:21Z,nick
goldcap_125.csv,goldcap,2026-07-21,nick,,160768b41e22ed90,b52cdf7778b7af95,1489,62,26598,0.761,2026-08-27T02:54:21Z,nick
goldcap_126.csv,goldcap,2026-07-21,nick,,020aa42a66d3fdb2,3e04f0ff95df50bd,1506,64,26430,0.723,2026-08-27T02:54:21Z,nick
goldcap_127.csv,goldcap,2026-07-21,nick,,bb619ea39709befb,3c47e1aa155a9c7f,1497,61,27762,0.746,2026-08-27T02:54:21Z,nick
goldcap_129.csv,goldcap,2026-07-23,nick,,2bf77769fdb0630d,c32f8c534f44273a,1447,60,27151,0.784,2026-08-27T02:54:21Z,nick
goldcap_131.csv,goldcap,2026-07-24,nick,,6b07c89bdf7abb6c,be60c1dd07605e6a,1481,62,26544,0.766,2026-08-27T02:54:21Z,nick
goldcap_132.csv,goldcap,2026-07-29,nick,,1e925261fb16571d,79b01e1a7b8ca579,1520,64,27345,0.714,2026-08-27T02:54:21Z,nick
goldcap_133.csv,goldcap,2026-07-29,nick,,e338c5b463c96082,6dc43278a9ce1888,1493,62,26695,0.763,2026-08-27T02:54:21Z,nick
goldcap_134.csv,goldcap,2026-07-29,nick,,0ddcbfed9afb7880,8279300e8a346a76,1484,61,27007,0.741,2026-08-27T02:54:21Z,nick
goldcap_135.csv,goldcap,2026-07-29,nick,,8fce679c8629d7c3,abc553bdb971dc00,1462,60,27034,0.762,2026-08-27T02:54:21Z,nick
goldcap_136.csv,goldcap,2026-07-29,nick,,a56a3f43e7e93acf,9167264207bfaadd,1529,63,27714,0.718,2026-08-27T02:54:21Z,nick
goldcap_137.csv,goldcap,2026-08-04,nick,,653dc11cd9a14616,f57e44e1020ec313,1522,64,26426,0.723,2026-08-27T02:54:21Z,nick
goldcap_138.csv,goldcap,2026-08-04,nick,,e39a9d05f486cb27,be94c975b707df33,1504,62,27505,0.745,2026-08-27T02:54:21Z,nick
goldcap_139.csv,goldcap,2026-08-04,nick,,44135722ed9afb86,1db9c197a9657e31,1513,62,27551,0.755,2026-08-27T02:54:21Z,nick
goldcap_140.csv,goldcap,2026-08-04,nick,,6f1eb623b1cb4082,b79bb313de0d0a74,1437,59,27179,0.767,2026-08-27T02:54:21Z,nick
goldcap_141.csv,goldcap,2026-08-04,nick,,5ef25f61a4f13297,039632f915782ef3,1497,62,27429,0.733,2026-08-27T02:54:21Z,nick
goldcap_142.csv,goldcap,2026-08-04,nick,,4cf29013da8b6cf1,adc8fd04376ab0a7,1551,64,27545,0.715,2026-08-27T02:54:21Z,nick
goldcap_144.csv,goldcap,2026-08-11,nick,,a0f89211141ddc6e,9fb620af8d3466b3,1580,64,27073,0.705,2026-08-27T02:54:21Z,nick
goldcap_146.csv,goldcap,2026-08-11,nick,,ee9cee7e454be477,efeacc97e15aea62,1526,63,27235,0.728,2026-08-27T02:54:21Z,nick
goldcap_158.csv,goldcap,2026-08-23,nick,,091aa2076714cf60,4c7544f9a87ed52f,801,32,13072,0.709,2026-08-27T02:54:21Z,nick
goldcap_160.csv,goldcap,2026-08-23,nick,,1f5c68afcb99d27c,0c929f16bdae6245,792,32,14287,0.719,2026-08-27T02:54:21Z,nick
goldcap_161.csv,goldcap,2026-08-23,nick,,be18ed222a32094e,5517fc19134e2876,795,32,12574,0.74,2026-08-27T02:54:21Z,nick
goldcap_95.csv,goldcap,2026-06-19,nick,,554acd2e97212f69,3950c84fdb15ec76,1519,62,28877,0.756,2026-08-27T02:54:21Z,nick
goldcap_97.csv,goldcap,2026-06-23,nick,,90fb78375b75b3a0,74c69b0cbc5df1f6,1551,63,28395,0.726,2026-08-27T02:54:21Z,nick
goldcap_99.csv,goldcap,2026-06-23,nick,,3274170bf2c3e323,5d029576dfc566aa,2702,124,41314,0.694,2026-08-27T02:54:21Z,nick
goldceiling_13.csv,goldceiling,2026-06-16,nick,,d67578c4db40b220,83b61cde22f1f802,2940,120,53997,0.74,2026-08-27T02:54:21Z,nick
goldceiling_14.csv,goldceiling,2026-06-23,nick,,2170c1ecf43773ff,4ae9c3c0906de707,2957,119,54149,0.743,2026-08-27T02:54:21Z,nick
goldceiling_16.csv,goldceiling,2026-07-06,nick,,c4630ad09d2e631f,83debac888bc464f,2915,117,53513,0.746,2026-08-27T02:54:22Z,nick
goldceiling_17.csv,goldceiling,2026-07-13,nick,,9fb1d9c9afc0bba3,42b4e593fff2540f,2987,119,55894,0.73,2026-08-27T02:54:22Z,nick
goldceiling_18.csv,goldceiling,2026-07-21,nick,,a337f3223873ae2c,7b262f64338cb87d,3043,123,55728,0.709,2026-08-27T02:54:22Z,nick
goldceiling_19.csv,goldceiling,2026-07-29,nick,,5c4bf0bd004f4398,37d8fca0e4f4169d,2960,120,56071,0.736,2026-08-27T02:54:22Z,nick
goldceiling_20.csv,goldceiling,2026-08-04,nick,,a3e6da25767d6595,84903d8c77e297da,3043,123,56662,0.715,2026-08-27T02:54:22Z,nick
goldceiling_21.csv,goldceiling,2026-08-11,nick,,8fe97cb099642135,8bb22c01299def79,3038,123,54385,0.719,2026-08-27T02:54:22Z,nick
goldceiling_22.csv,goldceiling,2026-08-23,nick,,d083dfccc622ff6e,d6bed2b06960dfe2,2972,121,56912,0.729,2026-08-27T02:54:22Z,nick
goldceiling_23.csv,goldceiling,2026-08-23,nick,,73c681e24013b3ac,df67e0357738b3a5,3047,122,55711,0.731,2026-08-27T02:54:22Z,nick
goldenchild_01.csv,goldenchild,2026-05-29,nick,,3a21b15a61969cc6,dc21fef90880ca8a,1312,59,19638,0.749,2026-08-27T02:54:22Z,nick
goldenchild_07.csv,goldenchild,2026-06-10,nick,,d3e5ade5477a0f41,931ed41a1467aa74,1375,61,19438,0.746,2026-08-27T02:54:22Z,nick
goldenchild_10.csv,goldenchild,2026-06-10,nick,,e8b980a601fa6971,45fd536c9f34cb9a,1418,61,21154,0.761,2026-08-27T02:54:22Z,nick
goldenchild_11.csv,goldenchild,2026-06-10,nick,,b8b079f1ba77d18c,7f7bae3f143acfd4,1392,62,19523,0.726,2026-08-27T02:54:22Z,nick
goldenchild_12.csv,goldenchild,2026-06-10,nick,,77931c59cc8f77f0,db063715dbda4b5b,1396,62,20522,0.751,2026-08-27T02:54:22Z,nick
goldenchild_13.csv,goldenchild,2026-06-10,nick,,3ddc98f322c744f1,d8e3d61052759ba9,1451,62,20834,0.737,2026-08-27T02:54:22Z,nick
goldenchild_14.csv,goldenchild,2026-06-12,nick,,e74d9672992198de,f193363a6039d2e3,1423,63,19765,0.714,2026-08-27T02:54:22Z,nick
goldenchild_15.csv,goldenchild,2026-06-12,nick,,9ca44be2f81c98fe,678483ee727482e3,1396,61,20504,0.747,2026-08-27T02:54:22Z,nick
goldenchild_16.csv,goldenchild,2026-06-12,nick,,ec6953647576684a,dd9f52f59a1eef5d,1379,62,19720,0.721,2026-08-27T02:54:22Z,nick
goldenchild_17.csv,goldenchild,2026-06-13,nick,,5d095a09e748921e,818bd37951926536,1423,63,19603,0.708,2026-08-27T02:54:22Z,nick
goldenchild_18.csv,goldenchild,2026-06-16,nick,,9906115927f3c9e3,794c62743b4d672f,1385,61,19864,0.751,2026-08-27T02:54:22Z,nick
goldenchild_19.csv,goldenchild,2026-06-16,nick,,471ae168ef8bbe8f,b88dc5d16d807772,1448,63,20841,0.711,2026-08-27T02:54:22Z,nick
goldenchild_2.csv,goldenchild,2026-05-29,nick,,4fa1bda0e9a2a9fc,f02fffc672242c82,1436,63,20340,0.716,2026-08-27T02:54:22Z,nick
goldenchild_20.csv,goldenchild,2026-06-16,nick,,77aa281677adcee5,969a801d04276a85,1429,63,19683,0.734,2026-08-27T02:54:22Z,nick
goldenchild_21.csv,goldenchild,2026-06-19,nick,,5988fabb702b172e,43d8a389f1a0be0f,1406,62,19858,0.75,2026-08-27T02:54:22Z,nick
goldenchild_22.csv,goldenchild,2026-06-19,nick,,39c3b23630716854,36955b586c08c295,1455,62,21215,0.729,2026-08-27T02:54:22Z,nick
goldenchild_23.csv,goldenchild,2026-06-19,nick,,d60c8cd0345b803d,29f21a1062413159,1366,60,20012,0.735,2026-08-27T02:54:22Z,nick
goldenchild_24.csv,goldenchild,2026-06-23,nick,,2ab9186aa101ec67,7cf63f46031d265e,1400,62,19199,0.726,2026-08-27T02:54:22Z,nick
goldenchild_25.csv,goldenchild,2026-06-23,nick,,68c7322ad3a7468a,f6e82743d1c47446,1469,64,20222,0.689,2026-08-27T02:54:22Z,nick
goldenchild_26.csv,goldenchild,2026-06-23,nick,,e1e206849f7484b3,8e4240827e31d732,1466,63,19950,0.697,2026-08-27T02:54:22Z,nick
goldenchild_27.csv,goldenchild,2026-06-25,nick,,10384df792abeb25,4f2b533d9a9c46eb,1506,64,20708,0.685,2026-08-27T02:54:22Z,nick
goldenchild_28.csv,goldenchild,2026-06-25,nick,,9c40023931a19ea9,da7a28b16c4d8fb5,1474,64,19733,0.693,2026-08-27T02:54:22Z,nick
goldenchild_29.csv,goldenchild,2026-06-26,nick,,d8229d9e1fa45387,10ec7a46745ab053,1440,62,19768,0.718,2026-08-27T02:54:22Z,nick
goldenchild_34.csv,goldenchild,2026-07-06,nick,,a42e4cc136f36aa8,97be8f21ec6eebcf,1437,62,20977,0.723,2026-08-27T02:54:22Z,nick
goldenchild_35.csv,goldenchild,2026-07-06,nick,,4daf8ff46b076221,44883d012073f719,1431,63,19675,0.718,2026-08-27T02:54:22Z,nick
goldenchild_37.csv,goldenchild,2026-07-06,nick,,801f49c3adf3ddcc,c4a6551ebc4d9b54,1406,63,19554,0.711,2026-08-27T02:54:22Z,nick
goldenchild_38.csv,goldenchild,2026-07-06,nick,,0d3eb7fac7cc8ac8,ac7ebec0a4dc69d7,1469,62,20262,0.704,2026-08-27T02:54:22Z,nick
goldenchild_39.csv,goldenchild,2026-07-06,nick,,73ad25a4a69ef599,79cdc59af224bc87,1483,63,19697,0.694,2026-08-27T02:54:22Z,nick
goldenchild_41.csv,goldenchild,2026-07-08,nick,,bf6e6cdcabca88cd,ae0acc2a8cfca050,1424,60,20561,0.746,2026-08-27T02:54:23Z,nick
goldenchild_42.csv,goldenchild,2026-07-08,nick,,80af6faa4f444135,a8cbfbca274ca1fe,1416,61,19256,0.732,2026-08-27T02:54:23Z,nick
goldenchild_43.csv,goldenchild,2026-07-10,nick,,1bf1f10c774508c7,d5f51d6f958636d6,1448,63,19267,0.711,2026-08-27T02:54:23Z,nick
goldenchild_44.csv,goldenchild,2026-07-11,nick,,843234b36f816a01,5657dc29e04f740c,1478,63,19952,0.683,2026-08-27T02:54:23Z,nick
goldenchild_45.csv,goldenchild,2026-07-11,nick,,e4afec64140df196,a09d28105f09000a,1419,62,19883,0.719,2026-08-27T02:54:23Z,nick
goldenchild_46.csv,goldenchild,2026-07-13,nick,,a2eba3e2970d0e86,d302f19a1132c81a,1431,61,20256,0.721,2026-08-27T02:54:23Z,nick
goldenchild_47.csv,goldenchild,2026-07-13,nick,,35dd2f415fb6b2db,af2e38acd97164ee,1409,59,19870,0.748,2026-08-27T02:54:23Z,nick
goldenchild_48.csv,goldenchild,2026-07-15,nick,,aa941844b5490e44,f1acffcb5c9e6406,1408,62,19823,0.717,2026-08-27T02:54:23Z,nick
goldenchild_49.csv,goldenchild,2026-07-15,nick,,c7aef76cab887272,4016be006a5a9635,1446,62,19422,0.706,2026-08-27T02:54:23Z,nick
goldenchild_50.csv,goldenchild,2026-07-21,nick,,c2e5a49e51bd779f,10094f84a7b4b68f,1475,64,20281,0.69,2026-08-27T02:54:23Z,nick
goldenchild_51.csv,goldenchild,2026-07-21,nick,,b1c963e7f9912c47,b2a67259798ccb00,1443,62,20608,0.713,2026-08-27T02:54:23Z,nick
goldenchild_52.csv,goldenchild,2026-07-21,nick,,3ddf786173b4d228,0a932b7a6975a991,1401,60,20016,0.74,2026-08-27T02:54:23Z,nick
goldenchild_53.csv,goldenchild,2026-07-21,nick,,a5278e1edcec0050,fb0963edfc9d7178,1502,64,20422,0.684,2026-08-27T02:54:23Z,nick
goldenchild_55.csv,goldenchild,2026-07-23,nick,,3a67247407e7f966,6a0c7945a3c9e1de,1422,63,19310,0.699,2026-08-27T02:54:23Z,nick
goldenchild_57.csv,goldenchild,2026-07-24,nick,,aec4891621c4eaf6,6d2675db1851a2e9,1486,64,19659,0.684,2026-08-27T02:54:23Z,nick
goldenchild_58.csv,goldenchild,2026-07-24,nick,,3537430c22f5b119,615e5c143d98be48,1433,63,19972,0.713,2026-08-27T02:54:23Z,nick
goldenchild_59.csv,goldenchild,2026-07-29,nick,,878ad33062e8b428,a881e60e6452e0b4,1435,64,19863,0.701,2026-08-27T02:54:23Z,nick
goldenchild_61.csv,goldenchild,2026-07-29,nick,,71fb4b443165d419,9496ea0f0b9b6bec,1451,64,19252,0.7,2026-08-27T02:54:23Z,nick
goldenchild_62.csv,goldenchild,2026-07-29,nick,,aecee7c09f19f4b0,f2b66de671af9200,1464,64,19326,0.693,2026-08-27T02:54:23Z,nick
goldenchild_63.csv,goldenchild,2026-08-04,nick,,4d08f20e43f5cfa1,ffd98efd958cdb8b,1471,63,20363,0.692,2026-08-27T02:54:23Z,nick
goldenchild_64.csv,goldenchild,2026-08-04,nick,,7fb5f66f8175db2d,9c44b0d78e248af6,1448,64,19706,0.674,2026-08-27T02:54:23Z,nick
goldenchild_65.csv,goldenchild,2026-08-04,nick,,aff41a1be2a4646c,933f97b428796f2c,1460,63,20507,0.693,2026-08-27T02:54:23Z,nick
goldenchild_66.csv,goldenchild,2026-08-04,nick,,cdcf796f795ce816,1d42f522a5c06721,1449,62,20229,0.73,2026-08-27T02:54:23Z,nick
goldenchild_67.csv,goldenchild,2026-08-04,nick,,d1a7a6f3aa533ac6,f22df65fcc68a979,1436,63,19943,0.689,2026-08-27T02:54:23Z,nick
goldenchild_69.csv,goldenchild,2026-08-11,nick,,38f4b2718129b5e4,1a2e33781ab33524,1390,61,19736,0.737,2026-08-27T02:54:23Z,nick
goldenchild_70.csv,goldenchild,2026-08-11,nick,,33fe8ced548b8e1a,bf2a187e359181fd,1448,63,19617,0.694,2026-08-27T02:54:23Z,nick
goldenchild_71.csv,goldenchild,2026-08-11,nick,,b9cc6b5140960e68,9400f85cbbc175aa,1476,63,19918,0.693,2026-08-27T02:54:23Z,nick
goldenchild_72.csv,goldenchild,2026-08-11,nick,,603a71c2ad2d2375,abdb465f7aa0ce15,1413,60,20436,0.761,2026-08-27T02:54:23Z,nick
goldenchild_74.csv,goldenchild,2026-08-11,nick,,54881fd6c3c9566c,124c360741378673,1460,64,19576,0.695,2026-08-27T02:54:23Z,nick
goldenchild_75.csv,goldenchild,2026-08-11,nick,,0a9aea5d351667a6,52712932f0d05653,1414,62,19554,0.704,2026-08-27T02:54:23Z,nick
goldenchild_8.csv,goldenchild,2026-06-10,nick,,06404e41b4c5fd2b,9de36a0b6e504907,1414,62,19679,0.72,2026-08-27T02:54:23Z,nick
goldenchild_82.csv,goldenchild,2026-08-23,nick,,5fb36972572e9c61,b1d37aaf17e837fd,1432,65,19864,0.711,2026-08-27T02:54:23Z,nick
goldenchild_83.csv,goldenchild,2026-08-23,nick,,0ca1f92c98db723f,48df34b981851520,1422,61,21367,0.723,2026-08-27T02:54:23Z,nick
goldenchild_84.csv,goldenchild,2026-08-23,nick,,8bf67409be8f86d6,55e4eacaafd53d05,1415,62,19281,0.696,2026-08-27T02:54:23Z,nick
goldenchild_85.csv,goldenchild,2026-08-23,nick,,c3807a2d6ddb3fcb,fee3863c21607a37,1391,63,18730,0.695,2026-08-27T02:54:23Z,nick
goldenchild_86.csv,goldenchild,2026-08-23,nick,,34649ced32221fdd,e666d7757c0e2065,1403,63,19157,0.71,2026-08-27T02:54:23Z,nick
goldenchild_87.csv,goldenchild,2026-08-23,nick,,28f056fbd821e1c9,6ca1c76c5eaab9ff,1466,64,19948,0.667,2026-08-27T02:54:23Z,nick
goldenchild_88.csv,goldenchild,2026-08-23,nick,,ff0a102748afef31,c63b181c8ff62ad9,1411,63,19851,0.697,2026-08-27T02:54:23Z,nick
goldenheart_10.csv,goldenheart,2026-04-11,nick,,2ac450850a3185a1,d3858573a88124e9,1505,62,26795,0.697,2026-08-27T02:54:23Z,nick
goldenheart_100.csv,goldenheart,2026-07-10,nick,,db652231708a6475,58a6a478a312e168,1527,63,28336,0.729,2026-08-27T02:54:23Z,nick
goldenheart_101.csv,goldenheart,2026-07-11,nick,,3daae84578cd1523,8a07ffeb8571f291,1524,63,27189,0.693,2026-08-27T02:54:23Z,nick
goldenheart_102.csv,goldenheart,2026-07-11,nick,,012c17be3d48a5bb,e5ee2288cb4a1311,1483,61,27288,0.736,2026-08-27T02:54:23Z,nick
goldenheart_103.csv,goldenheart,2026-07-13,nick,,48fb8ce54f6dd5ca,34b665d2678c95a0,1506,62,27701,0.725,2026-08-27T02:54:23Z,nick
goldenheart_104.csv,goldenheart,2026-07-13,nick,,2d976f6faf9d9b91,bac11b7a3b95da57,1562,64,27315,0.692,2026-08-27T02:54:23Z,nick
goldenheart_105.csv,goldenheart,2026-07-15,nick,,1b5498dc1443c2aa,236ed3c5fdd1ec22,1483,60,28981,0.761,2026-08-27T02:54:23Z,nick
goldenheart_106.csv,goldenheart,2026-07-15,nick,,606f2e4505ed8f90,9871fdbdcdfb4c93,1498,62,28265,0.727,2026-08-27T02:54:23Z,nick
goldenheart_107.csv,goldenheart,2026-07-21,nick,,b30919719c626913,c4ef27115adeec3b,1496,62,26862,0.712,2026-08-27T02:54:23Z,nick
goldenheart_108.csv,goldenheart,2026-07-21,nick,,a6be4b1462ed380f,3d299a01a33f5002,1471,61,25938,0.719,2026-08-27T02:54:24Z,nick
goldenheart_109.csv,goldenheart,2026-07-21,nick,,3c8b1dcd5b43c300,5a5f64c29610d40d,1501,62,27929,0.714,2026-08-27T02:54:24Z,nick
goldenheart_11.csv,goldenheart,2026-04-11,nick,,87ff6daee17af526,f0b284789575d643,1445,60,26385,0.728,2026-08-27T02:54:24Z,nick
goldenheart_110.csv,goldenheart,2026-07-21,nick,,79fcddd59e2cebe6,e887838490d36464,1521,63,27455,0.703,2026-08-27T02:54:24Z,nick
goldenheart_111.csv,goldenheart,2026-07-21,nick,,9aa684bc5683d925,bb922cbdc9971aa5,1492,62,27075,0.711,2026-08-27T02:54:24Z,nick
goldenheart_112.csv,goldenheart,2026-07-21,nick,,0bba01c1bf1c0a9e,ba7503f7faf6cc8b,1479,62,26368,0.712,2026-08-27T02:54:24Z,nick
goldenheart_113.csv,goldenheart,2026-07-23,nick,,ee309f74e0c9e51c,39363e302225ecda,1560,64,27461,0.676,2026-08-27T02:54:24Z,nick
goldenheart_114.csv,goldenheart,2026-07-24,nick,,0cdb565b798d58e6,d3a5ec8ce3f3f622,1550,64,27023,0.68,2026-08-27T02:54:24Z,nick
goldenheart_115.csv,goldenheart,2026-07-24,nick,,ac8d97b5941d8531,82e042843470294e,1572,64,28130,0.683,2026-08-27T02:54:24Z,nick
goldenheart_116.csv,goldenheart,2026-07-29,nick,,4628acc9ec4cce29,13ae034243150731,1573,64,28903,0.697,2026-08-27T02:54:24Z,nick
goldenheart_117.csv,goldenheart,2026-07-29,nick,,1cd185101ca23198,9512699b3f4e272f,1572,64,28956,0.694,2026-08-27T02:54:24Z,nick
goldenheart_119.csv,goldenheart,2026-07-29,nick,,b95073044dc72c3d,9b7e3428f82e95fc,1543,63,28086,0.695,2026-08-27T02:54:24Z,nick
goldenheart_12.csv,goldenheart,2026-04-12,nick,,2d3164eeec1642e3,61b5ecca2b54cf21,1571,64,27095,0.686,2026-08-27T02:54:24Z,nick
goldenheart_120.csv,goldenheart,2026-08-04,nick,,70ea5dc46c3057b4,23ab7c94eea8aa3f,1558,64,27618,0.703,2026-08-27T02:54:24Z,nick
goldenheart_121.csv,goldenheart,2026-08-04,nick,,f815a5251027bb0a,e0bcfeeb174d128a,1511,63,27338,0.72,2026-08-27T02:54:24Z,nick
goldenheart_123.csv,goldenheart,2026-08-04,nick,,561c835f55930270,2b5264f6cdd04fd3,1529,63,28799,0.697,2026-08-27T02:54:24Z,nick
goldenheart_125.csv,goldenheart,2026-08-04,nick,,d5fd2485bd357b00,4b93bc89053a7295,1544,64,26575,0.696,2026-08-27T02:54:24Z,nick
goldenheart_126.csv,goldenheart,2026-08-11,nick,,ec0f358b891de727,0761867c03fa0211,1551,64,28485,0.699,2026-08-27T02:54:24Z,nick
goldenheart_127.csv,goldenheart,2026-08-11,nick,,058e9694c3a6a897,6afefbfd96a980cc,1530,63,28926,0.701,2026-08-27T02:54:24Z,nick
goldenheart_128.csv,goldenheart,2026-08-11,nick,,7e31d1c348f1ceca,6785e2529f856c24,1501,62,28606,0.716,2026-08-27T02:54:24Z,nick
goldenheart_13.csv,goldenheart,2026-04-19,nick,,2493d983786d7e92,6caf463c2160a7f5,1550,64,27388,0.68,2026-08-27T02:54:24Z,nick
goldenheart_139.csv,goldenheart,2026-08-23,nick,,6df459ef843a113b,87e5dae71cb1bb20,1560,64,27556,0.704,2026-08-27T02:54:24Z,nick
goldenheart_14.csv,goldenheart,2026-04-19,nick,,ca922d38a95a8c88,c942f36cec2476ea,1497,62,27708,0.697,2026-08-27T02:54:24Z,nick
goldenheart_141.csv,goldenheart,2026-08-23,nick,,c292f4a9dc09fd91,d22ce0628c790fae,1528,63,28280,0.694,2026-08-27T02:54:24Z,nick
goldenheart_142.csv,goldenheart,2026-08-23,nick,,8846b885e42eedfd,d1c7ab972d89685a,1551,64,27857,0.693,2026-08-27T02:54:24Z,nick
goldenheart_143.csv,goldenheart,2026-08-23,nick,,2798ab9d0402fb07,94a56917cb39f078,1543,63,29284,0.725,2026-08-27T02:54:24Z,nick
goldenheart_144.csv,goldenheart,2026-08-23,nick,,a44e9e8228205033,92015a5c3197c2c6,1531,63,28839,0.715,2026-08-27T02:54:24Z,nick
goldenheart_15.csv,goldenheart,2026-04-19,nick,,564899c4b86a04c2,c8e572f1b24980e7,1578,64,28290,0.67,2026-08-27T02:54:24Z,nick
goldenheart_16.csv,goldenheart,2026-04-19,nick,,1be9b6bb2eb8b257,849ca8ee0c8c9010,1545,63,27676,0.671,2026-08-27T02:54:24Z,nick
goldenheart_17.csv,goldenheart,2026-04-19,nick,,1be2d5ccd8a59d8f,eeaa1478d848746c,1522,62,27622,0.689,2026-08-27T02:54:24Z,nick
goldenheart_20.csv,goldenheart,2026-04-21,nick,,62bd97e6a0d6a323,caba2c61482d719f,1476,60,27068,0.694,2026-08-27T02:54:24Z,nick
goldenheart_21.csv,goldenheart,2026-04-24,nick,,b76d4d9b70ed0f70,674e7da4ce639b84,1553,64,27409,0.683,2026-08-27T02:54:24Z,nick
goldenheart_22.csv,goldenheart,2026-04-24,nick,,d2133e98afd67754,8aedad7053793a46,1563,63,28483,0.682,2026-08-27T02:54:24Z,nick
goldenheart_23.csv,goldenheart,2026-04-24,nick,,aacbec281d845940,5b34154cb656ad1f,1580,64,28729,0.665,2026-08-27T02:54:24Z,nick
goldenheart_24.csv,goldenheart,2026-04-24,nick,,225efb61293e799c,1ee5af6a0280da7d,1541,63,27867,0.689,2026-08-27T02:54:24Z,nick
goldenheart_26.csv,goldenheart,2026-04-28,nick,,e45f55fe3d956247,e1a58d9ce5fbf5f5,1495,62,28244,0.707,2026-08-27T02:54:24Z,nick
goldenheart_27.csv,goldenheart,2026-04-28,nick,,b86dd22cb561306a,406eb0b5133dd8ab,1537,62,27334,0.687,2026-08-27T02:54:24Z,nick
goldenheart_28.csv,goldenheart,2026-05-02,nick,,3398375029107f65,c6d3d6f4682dfddd,1529,63,27279,0.687,2026-08-27T02:54:24Z,nick
goldenheart_29.csv,goldenheart,2026-05-02,nick,,32cb47550f13336b,21106e3b538b980e,1540,63,27764,0.683,2026-08-27T02:54:24Z,nick
goldenheart_30.csv,goldenheart,2026-05-02,nick,,0f8e30d70fe0f30e,df9698262636d383,1492,62,26908,0.707,2026-08-27T02:54:24Z,nick
goldenheart_31.csv,goldenheart,2026-05-02,nick,,eda8ab02512c0708,70faf995386ab49e,1506,62,27588,0.702,2026-08-27T02:54:24Z,nick
goldenheart_33.csv,goldenheart,2026-05-10,nick,,060aa9d255c9337b,0db0d4b6be4b89b3,1497,62,27267,0.696,2026-08-27T02:54:25Z,nick
goldenheart_34.csv,goldenheart,2026-05-10,nick,,30880b18ec4fdb70,84afa63d020ecdb9,1547,63,27235,0.675,2026-08-27T02:54:25Z,nick
goldenheart_36.csv,goldenheart,2026-05-10,nick,,fe319418dada9ab5,803b90794c6f00a4,1493,61,26501,0.71,2026-08-27T02:54:25Z,nick
goldenheart_37.csv,goldenheart,2026-05-10,nick,,db25f8ec795e3e7c,1a6c4e5019c4bf01,1562,64,27026,0.68,2026-08-27T02:54:25Z,nick
goldenheart_38.csv,goldenheart,2026-05-10,nick,,1008f69b4a4e134c,5f3bd57daf4902aa,1482,61,26813,0.702,2026-08-27T02:54:25Z,nick
goldenheart_39.csv,goldenheart,2026-05-10,nick,,465ae2bb22008630,e6f1e749b4bf739e,1527,62,28485,0.687,2026-08-27T02:54:25Z,nick
goldenheart_41.csv,goldenheart,2026-05-12,nick,,e9f31aa52b6905d9,71ea45d15c2d5a82,1508,61,26665,0.69,2026-08-27T02:54:25Z,nick
goldenheart_47.csv,goldenheart,2026-05-23,nick,,9d3a5b1d5c432906,a98882a1f1cd8edd,1482,62,27751,0.741,2026-08-27T02:54:25Z,nick
goldenheart_49.csv,goldenheart,2026-05-23,nick,,5c13c969be5896d5,cf395555d4fad5c2,1521,64,27794,0.7,2026-08-27T02:54:25Z,nick
goldenheart_51.csv,goldenheart,2026-05-23,nick,,a6712f7f79fa1a01,a9f519fbd21e23d0,1526,63,27393,0.705,2026-08-27T02:54:25Z,nick
goldenheart_53.csv,goldenheart,2026-05-23,nick,,66bf2b3a18d3c046,c891c2a02e2e1f38,1557,64,28656,0.682,2026-08-27T02:54:25Z,nick
goldenheart_54.csv,goldenheart,2026-05-27,nick,,3ec0d5f9ecc5a076,50edeed418c69cd8,1504,62,27602,0.724,2026-08-27T02:54:25Z,nick
goldenheart_55.csv,goldenheart,2026-05-27,nick,,4798e91f7090985c,d0624bb59e5b9f75,1499,62,27871,0.719,2026-08-27T02:54:25Z,nick
goldenheart_57.csv,goldenheart,2026-05-29,nick,,ff8f4647d3c321f8,0f394af7d1bd50b7,1488,62,28017,0.725,2026-08-27T02:54:25Z,nick
goldenheart_58.csv,goldenheart,2026-05-29,nick,,ffc4bd4476e1b833,deebedb231b109c9,1498,63,27677,0.702,2026-08-27T02:54:25Z,nick
goldenheart_59.csv,goldenheart,2026-05-29,nick,,1d1a27f49669dd0a,16b5df28a38dc145,1476,62,28580,0.723,2026-08-27T02:54:25Z,nick
goldenheart_64.csv,goldenheart,2026-06-10,nick,,7777302bb844df96,29f29ff15c056f6b,1453,60,27591,0.75,2026-08-27T02:54:25Z,nick
goldenheart_65.csv,goldenheart,2026-06-10,nick,,ebbade954b475bea,917ab3d4e59871db,1479,61,27655,0.737,2026-08-27T02:54:25Z,nick
goldenheart_66.csv,goldenheart,2026-06-10,nick,,00ac70043340e7af,3f11f62fde0f3663,1481,61,27049,0.745,2026-08-27T02:54:25Z,nick
goldenheart_67.csv,goldenheart,2026-06-10,nick,,dd54b97b06324009,0b40b43dc9cbc516,1499,62,27844,0.714,2026-08-27T02:54:25Z,nick
goldenheart_68.csv,goldenheart,2026-06-10,nick,,24949d36bd3f82d3,973722c9b460fbe3,1554,64,29038,0.696,2026-08-27T02:54:25Z,nick
goldenheart_69.csv,goldenheart,2026-06-10,nick,,6f952392fa50420a,60078508999fabd0,1469,61,27245,0.731,2026-08-27T02:54:25Z,nick
goldenheart_70.csv,goldenheart,2026-06-10,nick,,9cccefc84b90ef27,65250d07d69e3716,1532,63,27787,0.706,2026-08-27T02:54:25Z,nick
goldenheart_71.csv,goldenheart,2026-06-12,nick,,0c7b2febb39cef3e,4eba1e006b5f6c4e,1444,60,27604,0.761,2026-08-27T02:54:25Z,nick
goldenheart_72.csv,goldenheart,2026-06-12,nick,,34169d93e19003d5,7f1154352c99dfad,1500,62,27616,0.722,2026-08-27T02:54:25Z,nick
goldenheart_73.csv,goldenheart,2026-06-12,nick,,124b860605b16fe8,dd32c2721e9c4575,1509,62,28812,0.725,2026-08-27T02:54:25Z,nick
goldenheart_74.csv,goldenheart,2026-06-13,nick,,7bcf097af49b9abc,e9850ab445ec5ab5,1489,61,27773,0.744,2026-08-27T02:54:25Z,nick
goldenheart_75.csv,goldenheart,2026-06-16,nick,,7bae50c6af8d6c1a,0ba023830e8b333c,1551,64,27521,0.702,2026-08-27T02:54:25Z,nick
goldenheart_76.csv,goldenheart,2026-06-16,nick,,f8466fde15a968b2,4334af7e1d2dd10f,1498,62,28485,0.71,2026-08-27T02:54:25Z,nick
goldenheart_77.csv,goldenheart,2026-06-16,nick,,a23e1587676c6ace,11ae7921675b357b,1534,64,28492,0.695,2026-08-27T02:54:25Z,nick
goldenheart_78.csv,goldenheart,2026-06-19,nick,,eb3d017908fc838a,8067567dcd771b4b,1492,61,27216,0.738,2026-08-27T02:54:25Z,nick
goldenheart_79.csv,goldenheart,2026-06-19,nick,,f794fe8bc5388e7b,277ee583a3fe86b9,1522,63,27908,0.707,2026-08-27T02:54:25Z,nick
goldenheart_8.csv,goldenheart,2026-04-09,nick,,200b1add4fe6e455,d9539bf26ceb6b1b,1565,64,27179,0.671,2026-08-27T02:54:25Z,nick
goldenheart_80.csv,goldenheart,2026-06-19,nick,,2164577dd5b30c53,460ccecbc2ce0590,1518,63,27450,0.71,2026-08-27T02:54:25Z,nick
goldenheart_81.csv,goldenheart,2026-06-23,nick,,11d234154cfd478d,e1d146dd72a8b99b,1518,63,27420,0.687,2026-08-27T02:54:25Z,nick
goldenheart_82.csv,goldenheart,2026-06-23,nick,,4d5fe1cb75484c1c,1c5ebf494445cc1a,1498,62,28840,0.723,2026-08-27T02:54:25Z,nick
goldenheart_83.csv,goldenheart,2026-06-23,nick,,2e2a49c4faad8b16,cd5df449e1e0ff73,1465,61,26753,0.74,2026-08-27T02:54:25Z,nick
goldenheart_84.csv,goldenheart,2026-06-25,nick,,731ae71a8dc3d1c6,77420eb28be263d4,1515,62,27775,0.729,2026-08-27T02:54:25Z,nick
goldenheart_85.csv,goldenheart,2026-06-25,nick,,2a24255160d4459d,e726e1e2a484bbe2,1493,62,27204,0.707,2026-08-27T02:54:25Z,nick
goldenheart_86.csv,goldenheart,2026-06-26,nick,,b8a381dca08a0fb6,cef6f2f5de5eeb9c,1503,62,27780,0.723,2026-08-27T02:54:25Z,nick
goldenheart_91.csv,goldenheart,2026-07-06,nick,,dd1c527f671fcf6a,07208ef0297bb1d6,1479,61,28025,0.739,2026-08-27T02:54:26Z,nick
goldenheart_92.csv,goldenheart,2026-07-06,nick,,af0a12978eee8b1f,d9a60a627c674667,1500,62,27889,0.715,2026-08-27T02:54:26Z,nick
goldenheart_93.csv,goldenheart,2026-07-06,nick,,e93d8d719599d6a4,c1e59e5452808801,1570,64,28546,0.708,2026-08-27T02:54:26Z,nick
goldenheart_94.csv,goldenheart,2026-07-06,nick,,5df67d6d2b34aa3c,6fe7d5692902522c,1517,63,27598,0.703,2026-08-27T02:54:26Z,nick
goldenheart_95.csv,goldenheart,2026-07-06,nick,,4399cfe4597897ff,151227f28bdc7482,1500,62,27149,0.719,2026-08-27T02:54:26Z,nick
goldenheart_96.csv,goldenheart,2026-07-06,nick,,bc9c80091d59d529,e32e818e9d6f0dc4,1510,62,28117,0.716,2026-08-27T02:54:26Z,nick
goldenheart_98.csv,goldenheart,2026-07-08,nick,,eaa33ba405314a1b,1f7a05d0337cba2f,1558,64,28490,0.688,2026-08-27T02:54:26Z,nick
goldenheart_99.csv,goldenheart,2026-07-08,nick,,c03e7e0e2f8e2b7e,7d692193f1e5f21f,1492,64,27192,0.715,2026-08-27T02:54:26Z,nick
goldfather_109.csv,goldfather,2026-07-06,nick,,b049a7860753e0f8,57b064215d137c7b,1605,64,27000,0.68,2026-08-27T02:54:26Z,nick
goldfather_88.csv,goldfather,2026-06-12,nick,,5334fc82d06b2722,9a46702b2f3d71d3,1577,63,26791,0.701,2026-08-27T02:54:26Z,nick
goldfather_89.csv,goldfather,2026-06-12,nick,,044bf50dba41c31c,dabd57ccaf2055ab,1555,62,28178,0.715,2026-08-27T02:54:26Z,nick
goldfather_90.csv,goldfather,2026-06-13,nick,,e645604a73855c49,efc7a576a2a21138,1623,64,28648,0.687,2026-08-27T02:54:26Z,nick
goldfather_93.csv,goldfather,2026-06-16,nick,,573c6a503cdc9b70,fffc7fb7fe525f84,1610,64,28805,0.679,2026-08-27T02:54:26Z,nick
goldfather_94.csv,goldfather,2026-06-19,nick,,e40da1611a3c14b6,4c79db3acebedda6,1597,63,28530,0.69,2026-08-27T02:54:26Z,nick
goldheart_122.csv,goldheart,2026-08-04,nick,,62854144dffc1a84,2b6f76294dd5d1e1,1562,64,27728,0.689,2026-08-27T02:54:26Z,nick
goldquick_2539.csv,goldquick,2026-06-17,nick,,667b8cda8ce7a52a,3faff58a8a3ff44d,365,15,4640,0.733,2026-08-27T02:54:26Z,nick
goldquick_2541.csv,goldquick,2026-06-17,nick,,0a12eb15b43b5af6,f6d0ae2f03e28cff,385,16,4724,0.698,2026-08-27T02:54:26Z,nick
goldquick_2543.csv,goldquick,2026-06-17,nick,,ca592fc220cc9290,b32349098a29a500,403,16,5007,0.703,2026-08-27T02:54:26Z,nick
goldquick_2545.csv,goldquick,2026-06-17,nick,,0888783f6da4a782,6a869cb314c88c8e,398,16,5071,0.653,2026-08-27T02:54:26Z,nick
goldquick_2547.csv,goldquick,2026-06-17,nick,,30bd9bb38625606b,56bc4c57da2d3219,391,16,4638,0.687,2026-08-27T02:54:26Z,nick
goldquick_2548.csv,goldquick,2026-06-17,nick,,5b7e30398e501b7c,3985eeddf43f1097,387,16,4472,0.678,2026-08-27T02:54:26Z,nick
goldquick_2549.csv,goldquick,2026-06-17,nick,,89698e0fd1b7a816,0d26472238e0d13e,380,16,4562,0.702,2026-08-27T02:54:26Z,nick
goldquick_2550.csv,goldquick,2026-06-17,nick,,58174ba642d01561,1f552ddf5c1cfe36,374,16,4315,0.666,2026-08-27T02:54:26Z,nick
goldquick_2551.csv,goldquick,2026-06-17,nick,,22122af977b1314f,1ac970e1a5fdfd25,395,16,4824,0.66,2026-08-27T02:54:26Z,nick
goldquick_2552.csv,goldquick,2026-06-17,nick,,8777ead7f709506b,4c9ce8984b704613,382,16,4673,0.673,2026-08-27T02:54:26Z,nick
goldquick_3121.csv,goldquick,2026-07-10,nick,,369db7efd664d4d1,ba6b49b4e6618f49,375,16,4435,0.707,2026-08-27T02:54:26Z,nick
goldquick_3982.csv,goldquick,2026-08-11,nick,,75efeb182d69e7e4,6dc6297277720da7,388,16,4858,0.729,2026-08-27T02:54:26Z,nick
goldquick_4263.csv,goldquick,2026-08-23,nick,,d9173d455c0167f1,dca1b35bdb72ecd4,383,16,4861,0.703,2026-08-27T02:54:26Z,nick
goldrush_09.csv,goldrush,2026-05-23,nick,,9d1c5bd4c0920f11,a14da8431c10b341,2916,121,54033,0.658,2026-08-27T02:54:26Z,nick
goldrush_10.csv,goldrush,2026-05-29,nick,,61a16c7de6b3fa59,cd8167de783eff1d,2930,122,54909,0.668,2026-08-27T02:54:26Z,nick
goldrush_12.csv,goldrush,2026-06-12,nick,,da4f8d53b9d6851a,e3900d444333926d,2976,122,53455,0.655,2026-08-27T02:54:26Z,nick
goldrush_16.csv,goldrush,2026-07-11,nick,,bf0e327a6bf9e03b,5b9599bc4400bda4,3023,123,55014,0.629,2026-08-27T02:54:26Z,nick
goldrush_18.csv,goldrush,2026-07-24,nick,,bd9167be69e83f58,cffbc972397110a0,3037,122,54403,0.642,2026-08-27T02:54:26Z,nick
goldrush_20.csv,goldrush,2026-08-11,nick,,965871abe32b0eaa,7821331204061f7a,3097,126,54993,0.621,2026-08-27T02:54:26Z,nick
goldrush_22.csv,goldrush,2026-08-23,nick,,2102adb74cbd26d6,fb37d7d5e5297523,6002,247,109356,0.636,2026-08-27T02:54:26Z,nick
goldrush_3.csv,goldrush,2026-04-11,nick,,9ffe875a9c24d047,f2d7902373f984af,3037,123,53992,0.614,2026-08-27T02:54:26Z,nick
goldrush_6.csv,goldrush,2026-05-02,nick,,475b7886a3f18f0c,22d6eda5cf1ffe1c,2988,123,51850,0.637,2026-08-27T02:54:26Z,nick
goldrush_7.csv,goldrush,2026-05-10,nick,,d4692623af71dc3d,21d8978ba5b435ea,2959,122,52177,0.63,2026-08-27T02:54:26Z,nick
goldslots_100.csv,goldslots,2026-06-23,nick,,28ab5882f4c74e57,fd2832715539486f,1488,60,27023,0.748,2026-08-27T02:54:26Z,nick
goldslots_101.csv,goldslots,2026-06-25,nick,,4b4c3892b736b709,c207c6f10e918998,1500,62,25743,0.72,2026-08-27T02:54:27Z,nick
goldslots_102.csv,goldslots,2026-06-25,nick,,8e5171d9fbb6051e,3995a35131e3edfc,1513,61,27693,0.725,2026-08-27T02:54:27Z,nick
goldslots_103.csv,goldslots,2026-06-26,nick,,117e65b9f77bc914,1970da09f457184a,1568,63,28320,0.708,2026-08-27T02:54:27Z,nick
goldslots_111.csv,goldslots,2026-07-06,nick,,3ac9c28679554727,89da6bd9b36d9b05,1509,61,26390,0.716,2026-08-27T02:54:27Z,nick
goldslots_112.csv,goldslots,2026-07-06,nick,,189b5e96132d069e,ea4142d14623c98b,1569,64,28116,0.692,2026-08-27T02:54:27Z,nick
goldslots_114.csv,goldslots,2026-07-06,nick,,3b96c0ce887596cf,b4cba2573d084cb2,1546,64,27553,0.705,2026-08-27T02:54:27Z,nick
goldslots_115.csv,goldslots,2026-07-08,nick,,f758be8a3974b358,ee9f5d1e806d812c,1508,62,27361,0.722,2026-08-27T02:54:27Z,nick
goldslots_116.csv,goldslots,2026-07-09,nick,,69b745b8b02483c0,4b6439f69ceb8287,1559,63,27652,0.712,2026-08-27T02:54:27Z,nick
goldslots_117.csv,goldslots,2026-07-10,nick,,438085bb7d7c75a8,e4885d0cacddb325,1541,62,27604,0.72,2026-08-27T02:54:27Z,nick
goldslots_118.csv,goldslots,2026-07-11,nick,,15659fd3d0230d40,e0242c43ba06d4d7,1500,61,27020,0.724,2026-08-27T02:54:27Z,nick
goldslots_119.csv,goldslots,2026-07-11,nick,,99e92554929f8852,2921e5c319908821,1531,62,27208,0.713,2026-08-27T02:54:27Z,nick
goldslots_120.csv,goldslots,2026-07-13,nick,,4db7eac5981f753d,deea0fee9fdc3149,1557,63,26980,0.7,2026-08-27T02:54:27Z,nick
goldslots_121.csv,goldslots,2026-07-13,nick,,5ace916294100036,b4f4487877268563,1550,63,26921,0.708,2026-08-27T02:54:27Z,nick
goldslots_122.csv,goldslots,2026-07-15,nick,,e1c4f2d65885860a,941a834e636bbf95,1544,63,27717,0.707,2026-08-27T02:54:27Z,nick
goldslots_123.csv,goldslots,2026-07-15,nick,,bfdb8de7d52fd346,3d45b49b61bb8566,1556,63,28220,0.707,2026-08-27T02:54:27Z,nick
goldslots_124.csv,goldslots,2026-07-21,nick,,b8d8145900ab8825,3df64270ca49d7f9,1543,62,27221,0.702,2026-08-27T02:54:27Z,nick
goldslots_125.csv,goldslots,2026-07-21,nick,,395159e6483f2718,b6450a9cc92c3a81,1546,63,27627,0.702,2026-08-27T02:54:27Z,nick
goldslots_126.csv,goldslots,2026-07-21,nick,,639fafd3dbcba581,f9ef7ad993f1bd00,1571,64,26789,0.673,2026-08-27T02:54:27Z,nick
goldslots_127.csv,goldslots,2026-07-21,nick,,6ea29b8752e694d8,e2a85bdb28bdbf11,1488,61,27104,0.742,2026-08-27T02:54:27Z,nick
goldslots_129.csv,goldslots,2026-07-23,nick,,29054044c4fed2d1,97b90ce8377cd21a,1562,63,27281,0.715,2026-08-27T02:54:27Z,nick
goldslots_130.csv,goldslots,2026-07-23,nick,,7f574378138073de,9f90a75a6b4cf18e,1553,63,26768,0.705,2026-08-27T02:54:27Z,nick
goldslots_131.csv,goldslots,2026-07-24,nick,,0a0c73f46ed336f4,bd83599f1e32ea58,1534,62,28038,0.722,2026-08-27T02:54:27Z,nick
goldslots_132.csv,goldslots,2026-07-24,nick,,2e8f6a199f597d29,d9c2358278cfd8c1,1568,64,27364,0.687,2026-08-27T02:54:27Z,nick
goldslots_133.csv,goldslots,2026-07-29,nick,,6b61eec6e5be2707,ed301cec834547cd,1530,63,25858,0.701,2026-08-27T02:54:27Z,nick
goldslots_134.csv,goldslots,2026-07-29,nick,,16af889eb502c010,a4f2f1ce2f812fd0,1547,63,26685,0.706,2026-08-27T02:54:27Z,nick
goldslots_135.csv,goldslots,2026-07-29,nick,,a20675b1e6d3d335,94dad6196a416e2a,1563,63,27814,0.708,2026-08-27T02:54:27Z,nick
goldslots_137.csv,goldslots,2026-08-04,nick,,d80649b3b736ef94,55d4052241a82015,1564,63,27354,0.694,2026-08-27T02:54:27Z,nick
goldslots_138.csv,goldslots,2026-08-04,nick,,319207599d217dfc,76006ef1935d8574,1547,63,26573,0.693,2026-08-27T02:54:27Z,nick
goldslots_139.csv,goldslots,2026-08-04,nick,,87b9bb508bb22300,259667b5c096bad0,1547,63,26639,0.689,2026-08-27T02:54:27Z,nick
goldslots_140.csv,goldslots,2026-08-04,nick,,c59a23a6c580d58c,3ec5dddb93618e54,1527,62,28189,0.698,2026-08-27T02:54:27Z,nick
goldslots_141.csv,goldslots,2026-08-04,nick,,4f9cd46b7af3ceec,d8929fa15c5c5329,1574,64,27154,0.71,2026-08-27T02:54:27Z,nick
goldslots_143.csv,goldslots,2026-08-11,nick,,8cb742f090bc1a2e,48e750029d8bf644,1559,63,27680,0.711,2026-08-27T02:54:27Z,nick
goldslots_144.csv,goldslots,2026-08-11,nick,,ede6d96d82feceb6,1d857bdade65972c,1544,63,27202,0.697,2026-08-27T02:54:27Z,nick
goldslots_145.csv,goldslots,2026-08-11,nick,,4f1d81fe12cfa480,a6742ec60d0be07f,1555,63,27704,0.709,2026-08-27T02:54:27Z,nick
goldslots_146.csv,goldslots,2026-08-11,nick,,206f030673f62ce1,dcfe021b5638b211,1513,62,27458,0.721,2026-08-27T02:54:27Z,nick
goldslots_147.csv,goldslots,2026-08-11,nick,,573894b7ba73add6,0527a26658f165d0,1572,64,27240,0.697,2026-08-27T02:54:27Z,nick
goldslots_148.csv,goldslots,2026-08-11,nick,,5b3c505d871c39bd,d6df17d661a2866b,1554,63,27065,0.715,2026-08-27T02:54:27Z,nick
goldslots_149.csv,goldslots,2026-08-11,nick,,798883c0afdbebb6,2259c1891a4def84,1528,62,28025,0.707,2026-08-27T02:54:27Z,nick
goldslots_156.csv,goldslots,2026-08-23,nick,,f2fe1e07f3378d83,7f7ab69b838b2bec,1518,61,27575,0.726,2026-08-27T02:54:27Z,nick
goldslots_157.csv,goldslots,2026-08-23,nick,,cc049cdffc0e69e3,d5dd5bd8eebab358,1510,61,27258,0.721,2026-08-27T02:54:27Z,nick
goldslots_159.csv,goldslots,2026-08-23,nick,,f37cf014bfe37e8b,7b815b58429f9a55,1541,63,27065,0.7,2026-08-27T02:54:27Z,nick
goldslots_161.csv,goldslots,2026-08-23,nick,,831cb2a74508bc5d,e065081ed81a1bb0,1533,62,27331,0.719,2026-08-27T02:54:27Z,nick
goldslots_162.csv,goldslots,2026-08-23,nick,,42e462c0c6648f17,00b61359baa52133,1557,64,27997,0.707,2026-08-27T02:54:28Z,nick
goldslots_91.csv,goldslots,2026-06-13,nick,,2ea0446ef2c0bd4d,74035fe5155d6a34,1516,61,26462,0.726,2026-08-27T02:54:28Z,nick
goldslots_92.csv,goldslots,2026-06-16,nick,,3afa056431a52b67,9922cd56093805ec,1512,62,27245,0.713,2026-08-27T02:54:28Z,nick
goldslots_93.csv,goldslots,2026-06-16,nick,,3ac2904bc6e4a49e,d064ddca0b0aa558,1539,63,26674,0.71,2026-08-27T02:54:28Z,nick
goldslots_94.csv,goldslots,2026-06-16,nick,,ee9a4ca8d1fdeff3,8196e45dda446616,1535,63,26713,0.701,2026-08-27T02:54:28Z,nick
goldslots_96.csv,goldslots,2026-06-19,nick,,695c0d1c61e764eb,5f88c67888335402,1535,63,26492,0.71,2026-08-27T02:54:28Z,nick
goldslots_97.csv,goldslots,2026-06-19,nick,,aaa1fad94ebd1498,c8900703b4cb020f,1535,63,26512,0.692,2026-08-27T02:54:28Z,nick
goldslots_98.csv,goldslots,2026-06-23,nick,,03428737b7ca8566,d2851970a0722d98,1591,63,27603,0.71,2026-08-27T02:54:28Z,nick
goldslots_99.csv,goldslots,2026-06-23,nick,,4f59cbf1f0367d77,c0785b8ec8c6db62,1516,62,27181,0.725,2026-08-27T02:54:28Z,nick
lgretro_0_tourn_export.csv,lgretro,2026-03-18,nick,,5535e6afaf3c377c,423c78b9ce2cfb39,1403,61,19886,0.702,2026-08-27T02:54:28Z,nick
lgretro_109.csv,lgretro,2026-07-06,nick,,7f326d60e0fac88a,b67c40361bd09a28,1499,64,20678,0.678,2026-08-27T02:54:28Z,nick
lgretro_11.csv,lgretro,2026-04-01,nick,,84d78b43cacbc85a,e0dd207eed56e474,1473,63,20057,0.681,2026-08-27T02:54:28Z,nick
lgretro_110.csv,lgretro,2026-07-06,nick,,c2013dfd2ae95c78,f9fd565c995fb998,1484,64,19439,0.694,2026-08-27T02:54:28Z,nick
lgretro_111.csv,lgretro,2026-07-08,nick,,e75a7d75fbc764be,44b57adf565a09f3,1480,64,19166,0.677,2026-08-27T02:54:28Z,nick
lgretro_112.csv,lgretro,2026-07-09,nick,,c48e00ad91892619,962139af8a9ab5f4,1442,62,19899,0.725,2026-08-27T02:54:28Z,nick
lgretro_114.csv,lgretro,2026-07-11,nick,,5b1953c761806338,b453bdee0eb85107,1488,64,19949,0.699,2026-08-27T02:54:28Z,nick
lgretro_118.csv,lgretro,2026-07-15,nick,,543e96439b397e03,acc8cdb0233f822b,1497,64,19907,0.683,2026-08-27T02:54:28Z,nick
lgretro_119.csv,lgretro,2026-07-15,nick,,6a542b72dab60cc3,9d30bb687ba80e8a,1485,63,19612,0.707,2026-08-27T02:54:28Z,nick
lgretro_12.csv,lgretro,2026-04-01,nick,,bb4356e74f2f9cd8,1bbc96ee33170a2f,1479,63,20039,0.687,2026-08-27T02:54:28Z,nick
lgretro_120.csv,lgretro,2026-07-21,nick,,cbf04588a9e68eb9,242627ed34274f05,1432,62,19747,0.718,2026-08-27T02:54:28Z,nick
lgretro_121.csv,lgretro,2026-07-21,nick,,fb2be6d96734848c,c9beabfc6ba23648,1454,62,20135,0.712,2026-08-27T02:54:28Z,nick
lgretro_122.csv,lgretro,2026-07-21,nick,,18be11e4c9792313,c37ec16cf440c99d,1484,64,19386,0.689,2026-08-27T02:54:28Z,nick
lgretro_123.csv,lgretro,2026-07-21,nick,,c7b18604a2f0e5a7,6b00c0e66847a728,1494,63,20163,0.714,2026-08-27T02:54:28Z,nick
lgretro_125.csv,lgretro,2026-07-23,nick,,d2cd92d33e3f3ef4,75bf39036ba558fc,1531,64,20465,0.695,2026-08-27T02:54:28Z,nick
lgretro_126.csv,lgretro,2026-07-23,nick,,17314730ff1a8fa4,ea9f068550a093f5,1474,63,19592,0.711,2026-08-27T02:54:28Z,nick
lgretro_13.csv,lgretro,2026-04-01,nick,,6cdf83e4f6e7a73c,49fd6aa0f3a0c744,1432,61,20293,0.694,2026-08-27T02:54:28Z,nick
lgretro_131.csv,lgretro,2026-07-29,nick,,8d99cd9a52e90ad0,7f2af067562c913e,1451,63,19610,0.697,2026-08-27T02:54:28Z,nick
lgretro_132.csv,lgretro,2026-07-29,nick,,ff63e5f828320b0a,a41fa04f9cf284d4,1504,64,20720,0.705,2026-08-27T02:54:28Z,nick
lgretro_133.csv,lgretro,2026-08-04,nick,,d02786cf6fc63ffa,d8f84209a3fd2c93,1496,64,20369,0.68,2026-08-27T02:54:28Z,nick
lgretro_134.csv,lgretro,2026-08-04,nick,,9da69381d9060c05,78335f21b751c5b5,1450,63,19745,0.699,2026-08-27T02:54:28Z,nick
lgretro_135.csv,lgretro,2026-08-04,nick,,d73e1c405749e86c,ffb891b5d96e7640,1480,64,19464,0.684,2026-08-27T02:54:28Z,nick
lgretro_136.csv,lgretro,2026-08-04,nick,,a4fac732f92b9656,1a24b789b23e9b0a,1440,62,19882,0.721,2026-08-27T02:54:28Z,nick
lgretro_138.csv,lgretro,2026-08-04,nick,,f9d372e389ead564,58f2c742e1d1c879,1475,63,19978,0.699,2026-08-27T02:54:28Z,nick
lgretro_140.csv,lgretro,2026-08-11,nick,,d2d2d681660a6624,f4624b7b0b197007,1506,64,19538,0.692,2026-08-27T02:54:28Z,nick
lgretro_141.csv,lgretro,2026-08-11,nick,,5c950fd8c85ecf23,df5a8a7b0a0d0e12,1483,64,19847,0.672,2026-08-27T02:54:28Z,nick
lgretro_142.csv,lgretro,2026-08-11,nick,,913f4f055e2b81b4,d8a6eab7f73958d7,1452,63,19756,0.694,2026-08-27T02:54:28Z,nick
lgretro_143.csv,lgretro,2026-08-11,nick,,7f34b7ff4aa32d33,051b9bade88c495d,1478,64,19900,0.69,2026-08-27T02:54:28Z,nick
lgretro_151.csv,lgretro,2026-08-23,nick,,c5d6dc4bb32e895e,e0e27bdb4c8f4426,1521,64,19844,0.697,2026-08-27T02:54:28Z,nick
lgretro_154.csv,lgretro,2026-08-23,nick,,5651d6dc87f41352,2d1ce531d3cd9a0f,1505,63,21294,0.692,2026-08-27T02:54:28Z,nick
lgretro_155.csv,lgretro,2026-08-23,nick,,2079c88a050ca910,af568e0ce1f3a08f,1466,64,19659,0.679,2026-08-27T02:54:28Z,nick
lgretro_156.csv,lgretro,2026-08-23,nick,,4bb5f76b2b5451bc,2a962cf9edfd7e96,1517,64,20826,0.709,2026-08-27T02:54:28Z,nick
lgretro_157.csv,lgretro,2026-08-23,nick,,bd6ffbbe25103d79,d69b684003b1b3f6,1468,62,20252,0.721,2026-08-27T02:54:28Z,nick
lgretro_19.csv,lgretro,2026-04-09,nick,,bfb4d9d706b73be2,e07ac077f0b09d9c,1416,60,19432,0.715,2026-08-27T02:54:29Z,nick
lgretro_1_tourn_export.csv,lgretro,2026-03-20,nick,,599b7bad8a4ccb2c,498b847d7cf69577,1424,62,19767,0.699,2026-08-27T02:54:29Z,nick
lgretro_20.csv,lgretro,2026-04-09,nick,,b797ea35cb0225cf,e9be6b71c2ad7cd2,1474,62,20152,0.683,2026-08-27T02:54:29Z,nick
lgretro_21.csv,lgretro,2026-04-09,nick,,297711546a5241e5,33b691ddde330abf,1496,64,19880,0.673,2026-08-27T02:54:29Z,nick
lgretro_22.csv,lgretro,2026-04-11,nick,,97379210f176310e,11a8c61656fd2557,1425,61,19567,0.711,2026-08-27T02:54:29Z,nick
lgretro_23.csv,lgretro,2026-04-11,nick,,65c7cb7473b315d2,af2448810f0afe9c,1482,63,19292,0.712,2026-08-27T02:54:29Z,nick
lgretro_24.csv,lgretro,2026-04-12,nick,,8c833156ab11737f,f89902957a5a7f6c,1439,62,19242,0.684,2026-08-27T02:54:29Z,nick
lgretro_25.csv,lgretro,2026-04-14,nick,,47f755faaa176960,6319f207b5f5415c,1453,61,19947,0.694,2026-08-27T02:54:29Z,nick
lgretro_26.csv,lgretro,2026-04-14,nick,,019d57b44a0da414,a01cfbf10d7b55f9,1487,63,20002,0.692,2026-08-27T02:54:29Z,nick
lgretro_27.csv,lgretro,2026-04-19,nick,,4131fa61d6499154,b86646313ea9cd82,1446,62,19711,0.678,2026-08-27T02:54:29Z,nick
lgretro_28.csv,lgretro,2026-04-19,nick,,44ae47aa3ed97729,45403b5b104be27d,1537,64,21050,0.689,2026-08-27T02:54:29Z,nick
lgretro_29.csv,lgretro,2026-04-19,nick,,bdeead3239dab8cb,b10b68cb2ec85728,1454,62,19780,0.691,2026-08-27T02:54:29Z,nick
lgretro_32.csv,lgretro,2026-04-21,nick,,5317ea986bef42ec,7997c896f716bdb8,1451,62,19948,0.7,2026-08-27T02:54:29Z,nick
lgretro_33.csv,lgretro,2026-04-21,nick,,99b41b5befd25c70,0a7633db7dd6d075,1473,62,19992,0.724,2026-08-27T02:54:29Z,nick
lgretro_34.csv,lgretro,2026-04-24,nick,,bab5a08968763cf4,8e92417e475676c2,1499,63,20660,0.696,2026-08-27T02:54:29Z,nick
lgretro_36.csv,lgretro,2026-04-24,nick,,e989478f82ec8aa3,3c0809eae1d8e5fa,1534,64,20556,0.689,2026-08-27T02:54:29Z,nick
lgretro_38.csv,lgretro,2026-04-26,nick,,28eb6d86da4f8c07,e5c5eb589fecf50f,1503,64,19875,0.698,2026-08-27T02:54:29Z,nick
lgretro_39.csv,lgretro,2026-04-28,nick,,e35d2392419752ac,86e60e70c109d4aa,1483,63,20290,0.681,2026-08-27T02:54:29Z,nick
lgretro_40.csv,lgretro,2026-04-28,nick,,96abe81427ecd3f2,de7c67e8ad3cbb8c,1511,63,20800,0.689,2026-08-27T02:54:29Z,nick
lgretro_41.csv,lgretro,2026-05-02,nick,,b428aa27e16ed67b,b6655d067c5700eb,1424,62,19021,0.688,2026-08-27T02:54:29Z,nick
lgretro_42.csv,lgretro,2026-05-02,nick,,2eb3f566ab7dfd75,686892d282d4b3ef,1469,63,19704,0.698,2026-08-27T02:54:29Z,nick
lgretro_43.csv,lgretro,2026-05-02,nick,,61b709dba03a44db,c3adfceac773eab9,1498,64,20019,0.681,2026-08-27T02:54:29Z,nick
lgretro_44.csv,lgretro,2026-05-02,nick,,bc1f567ac0832287,2b4f92905c3eeb9a,1485,62,20619,0.697,2026-08-27T02:54:29Z,nick
lgretro_46.csv,lgretro,2026-05-10,nick,,42028e91a43f052d,6baf46d4a784d762,1467,63,19805,0.685,2026-08-27T02:54:29Z,nick
lgretro_48.csv,lgretro,2026-05-10,nick,,f660072ba7570e00,f2fdf8115f44e82a,1475,63,20219,0.687,2026-08-27T02:54:29Z,nick
lgretro_49.csv,lgretro,2026-05-10,nick,,4522be0055e82cd4,914c3a8b551fd4cc,1407,60,19647,0.717,2026-08-27T02:54:29Z,nick
lgretro_50.csv,lgretro,2026-05-10,nick,,3561c3678ef3be0c,331be48b3d482511,1425,61,20123,0.711,2026-08-27T02:54:29Z,nick
lgretro_51.csv,lgretro,2026-05-10,nick,,db608e1a60a52bc0,5a70e68ad63ac2b7,1457,62,20118,0.696,2026-08-27T02:54:29Z,nick
lgretro_52.csv,lgretro,2026-05-10,nick,,71d345263ff16b17,b5d018ca9ba9229b,1506,63,20036,0.685,2026-08-27T02:54:29Z,nick
lgretro_53.csv,lgretro,2026-05-12,nick,,04fa1fa4050a95e5,c7df7d179de9b66b,1509,63,20619,0.692,2026-08-27T02:54:29Z,nick
lgretro_54.csv,lgretro,2026-05-12,nick,,09b2ad00f6e07cd2,0ce4fefd5b85f728,1428,61,20173,0.731,2026-08-27T02:54:29Z,nick
lgretro_60.csv,lgretro,2026-05-23,nick,,dc61b51a61890cae,1e8addaee8b9c526,1431,62,20579,0.71,2026-08-27T02:54:29Z,nick
lgretro_61.csv,lgretro,2026-05-23,nick,,e887674bf0a2ade4,e744d213602b1445,1444,62,20062,0.727,2026-08-27T02:54:29Z,nick
lgretro_62.csv,lgretro,2026-05-23,nick,,878fd226b641494a,7c6edd1e1e05010a,1417,62,19940,0.707,2026-08-27T02:54:29Z,nick
lgretro_63.csv,lgretro,2026-05-23,nick,,5254298a8533c8e3,5a2c872cf2556ea2,1436,63,19737,0.715,2026-08-27T02:54:29Z,nick
lgretro_64.csv,lgretro,2026-05-23,nick,,6aa249baf121a714,a497056cdaff92bc,1442,63,18727,0.704,2026-08-27T02:54:29Z,nick
lgretro_65.csv,lgretro,2026-05-23,nick,,af12e10005062444,f16a48456e741d6b,2668,124,39603,0.691,2026-08-27T02:54:29Z,nick
lgretro_66.csv,lgretro,2026-05-27,nick,,2183697e21325e6d,1698f9b4aec08c58,1435,63,19497,0.706,2026-08-27T02:54:29Z,nick
lgretro_67.csv,lgretro,2026-05-27,nick,,95333d49401edc9c,da5485dd6b3a7675,1448,62,20101,0.721,2026-08-27T02:54:29Z,nick
lgretro_68.csv,lgretro,2026-05-27,nick,,2579ff4f5cee2fcd,d95ddf6146e9f839,1366,59,20100,0.743,2026-08-27T02:54:29Z,nick
lgretro_69.csv,lgretro,2026-05-27,nick,,acbae881deba98c4,ae5625a61bc57710,1450,63,19575,0.703,2026-08-27T02:54:29Z,nick
lgretro_70.csv,lgretro,2026-05-29,nick,,b8a38fd4045733a3,92ef2edbf672ea51,1449,61,20463,0.743,2026-08-27T02:54:29Z,nick
lgretro_71.csv,lgretro,2026-05-29,nick,,6f018a6ddb108e41,a7d01bbc16a3bae3,1421,62,19228,0.719,2026-08-27T02:54:30Z,nick
lgretro_72.csv,lgretro,2026-05-30,nick,,41c86fd28168fd92,3b78d9d4dd5294b6,1420,62,19540,0.723,2026-08-27T02:54:30Z,nick
lgretro_77.csv,lgretro,2026-06-10,nick,,2cf8b629160a10cb,3ed896eab5947630,1456,62,20463,0.713,2026-08-27T02:54:30Z,nick
lgretro_78.csv,lgretro,2026-06-10,nick,,68a26d922b09d9aa,ad8ae0d66989627d,1362,61,18489,0.699,2026-08-27T02:54:30Z,nick
lgretro_80.csv,lgretro,2026-06-10,nick,,ef00749a162fbc69,23d4e6d2b84f6192,1464,64,19810,0.679,2026-08-27T02:54:30Z,nick
lgretro_84.csv,lgretro,2026-06-12,nick,,8c6b5a26ecf490bd,54327b3017353fef,1438,62,19705,0.707,2026-08-27T02:54:30Z,nick
lgretro_85.csv,lgretro,2026-06-12,nick,,4452f39c43252ac0,29c25cf7a2cc00b7,1483,63,19798,0.705,2026-08-27T02:54:30Z,nick
lgretro_86.csv,lgretro,2026-06-13,nick,,86d8ab86a7dd57b0,0ac730c31118c055,1484,63,20441,0.712,2026-08-27T02:54:30Z,nick
lgretro_87.csv,lgretro,2026-06-13,nick,,942ac8061ea92cdb,788d28210235e524,1463,63,19894,0.723,2026-08-27T02:54:30Z,nick
lgretro_89.csv,lgretro,2026-06-16,nick,,7d3654068ce8c53a,ec02f83bf60c20a5,1398,60,19427,0.739,2026-08-27T02:54:30Z,nick
lgretro_90.csv,lgretro,2026-06-16,nick,,a0d7aa8486ce184b,8bdd3c150d34b364,1376,60,19501,0.74,2026-08-27T02:54:30Z,nick
lgretro_91.csv,lgretro,2026-06-19,nick,,7d5c320bba5d0a47,086e8ba538553a6f,1445,62,19899,0.708,2026-08-27T02:54:30Z,nick
lgretro_92.csv,lgretro,2026-06-19,nick,,be597d81070b0170,e85debb21554bfc0,1456,63,18908,0.685,2026-08-27T02:54:30Z,nick
lgretro_93.csv,lgretro,2026-06-19,nick,,ad96590e08ad1b66,335fcafbe597b386,1458,62,19658,0.702,2026-08-27T02:54:30Z,nick
lgretro_94.csv,lgretro,2026-06-23,nick,,fbca4d43031f5284,e54dfbc5a144862f,1407,60,20238,0.763,2026-08-27T02:54:30Z,nick
lgretro_97.csv,lgretro,2026-06-25,nick,,b207225b8d7a8d7d,ca8304434f922529,1463,63,20577,0.698,2026-08-27T02:54:30Z,nick
lgretro_98.csv,lgretro,2026-06-25,nick,,92a9c095ebde256a,03434e17190a5000,1429,63,19502,0.696,2026-08-27T02:54:30Z,nick
lgretro_99.csv,lgretro,2026-06-26,nick,,b492028b0001ee09,bc643a078a733734,1490,63,20040,0.706,2026-08-27T02:54:30Z,nick
livegold_131.csv,livegold,2026-07-24,nick,,f453bb7b99b9bca5,09cd6fe07849deaf,3221,126,57957,0.714,2026-08-27T02:54:30Z,nick
livegolddaily_100.csv,livegolddaily,2026-06-23,nick,,579d967f37e1d1d4,22564bad1e3b3465,3211,126,57698,0.718,2026-08-27T02:54:30Z,nick
livegolddaily_101.csv,livegolddaily,2026-06-25,nick,,eef3978150a140e4,cf726bb9f493ee77,3217,126,55894,0.716,2026-08-27T02:54:30Z,nick
livegolddaily_102.csv,livegolddaily,2026-06-25,nick,,9074b1458f19fee5,13567a514774ba91,3205,126,54407,0.719,2026-08-27T02:54:30Z,nick
livegolddaily_103.csv,livegolddaily,2026-06-26,nick,,a78598489e302d0c,211bbbbad141a8ac,3249,127,55937,0.715,2026-08-27T02:54:30Z,nick
livegolddaily_108.csv,livegolddaily,2026-07-06,nick,,199ad31d3a737260,cdab95aff21d5807,3220,126,55614,0.708,2026-08-27T02:54:30Z,nick
livegolddaily_111.csv,livegolddaily,2026-07-06,nick,,01e8084fe9f74594,4b0ce7bbb139841b,3235,126,56335,0.709,2026-08-27T02:54:30Z,nick
livegolddaily_112.csv,livegolddaily,2026-07-06,nick,,2ec468054dccd1cf,c03f62e6b097baec,3266,128,55820,0.703,2026-08-27T02:54:30Z,nick
livegolddaily_113.csv,livegolddaily,2026-07-06,nick,,8ef963a15d2807da,f3fd2708e5184aad,3267,128,54363,0.7,2026-08-27T02:54:30Z,nick
livegolddaily_115.csv,livegolddaily,2026-07-08,nick,,1eec071cd6fe73d0,2fd68d2bbb4ca5ec,3219,128,55793,0.728,2026-08-27T02:54:30Z,nick
livegolddaily_116.csv,livegolddaily,2026-07-08,nick,,94c4667e6efaa166,d68c475b48c89430,3184,126,57523,0.742,2026-08-27T02:54:30Z,nick
livegolddaily_117.csv,livegolddaily,2026-07-10,nick,,69c3a16c248ef3c7,d1718c247471f478,3144,125,54711,0.745,2026-08-27T02:54:31Z,nick
livegolddaily_118.csv,livegolddaily,2026-07-11,nick,,b656813957b16a64,da04eb85695d7947,3230,127,57792,0.718,2026-08-27T02:54:31Z,nick
livegolddaily_119.csv,livegolddaily,2026-07-11,nick,,2235bff96235b689,434e9e0378f28640,3169,127,55796,0.731,2026-08-27T02:54:31Z,nick
livegolddaily_11_tourn_export.csv,livegolddaily,2026-03-25,nick,,d4341cc55ba75c9e,ea6f1e2b489ad5e1,1650,64,27227,0.712,2026-08-27T02:54:31Z,nick
livegolddaily_120.csv,livegolddaily,2026-07-13,nick,,cd0ce6d589e8dcd7,8da161cb4d48478b,3166,124,56410,0.753,2026-08-27T02:54:31Z,nick
livegolddaily_121.csv,livegolddaily,2026-07-13,nick,,dddca2b4f294b8ad,8e334ddef5e223fb,3183,126,54965,0.74,2026-08-27T02:54:31Z,nick
livegolddaily_122.csv,livegolddaily,2026-07-15,nick,,a654c7e670e059b5,16cec97a414390b1,3240,128,56198,0.713,2026-08-27T02:54:31Z,nick
livegolddaily_123.csv,livegolddaily,2026-07-15,nick,,8f6bb26905c9f0e8,b42baf8462b960ee,3216,128,56661,0.729,2026-08-27T02:54:31Z,nick
livegolddaily_124.csv,livegolddaily,2026-07-21,nick,,31e7fdefe37eb5f5,b9e754861cd43d10,3196,126,56454,0.733,2026-08-27T02:54:31Z,nick
livegolddaily_125.csv,livegolddaily,2026-07-21,nick,,382b8b69452a9abe,65735a62ccdfdbf8,3267,128,56621,0.716,2026-08-27T02:54:31Z,nick
livegolddaily_126.csv,livegolddaily,2026-07-21,nick,,240d4a6c73ba9a11,ab353755cd240a6c,3230,127,55942,0.718,2026-08-27T02:54:31Z,nick
livegolddaily_127.csv,livegolddaily,2026-07-21,nick,,92c3b5f7cc3182bd,0549c0ccf68f79f0,3248,128,56898,0.719,2026-08-27T02:54:31Z,nick
livegolddaily_128.csv,livegolddaily,2026-07-21,nick,,29c0380168256613,cd72b2f866c4a585,3228,127,55733,0.722,2026-08-27T02:54:31Z,nick
livegolddaily_129.csv,livegolddaily,2026-07-23,nick,,06e58c755a8749e2,f8d3bff7355ae4d2,3230,127,55757,0.721,2026-08-27T02:54:31Z,nick
livegolddaily_130.csv,livegolddaily,2026-07-23,nick,,6c01fa9def2c68a8,b8bcfe4fbc6a1e12,3236,127,55763,0.715,2026-08-27T02:54:31Z,nick
livegolddaily_132.csv,livegolddaily,2026-07-24,nick,,a1273e60e360711b,9a0d090b95aca8d7,3194,126,56655,0.731,2026-08-27T02:54:31Z,nick
livegolddaily_133.csv,livegolddaily,2026-07-29,nick,,026885b6cce13127,72069c8410e5f8cb,3207,126,56555,0.741,2026-08-27T02:54:31Z,nick
livegolddaily_134.csv,livegolddaily,2026-07-29,nick,,afbfba19e3e80e6c,5801ab488f5228ba,3146,124,57013,0.746,2026-08-27T02:54:31Z,nick
livegolddaily_135.csv,livegolddaily,2026-07-29,nick,,224a2b25d62d5a3a,a8274069d5c69fa7,3242,127,57769,0.725,2026-08-27T02:54:31Z,nick
livegolddaily_136.csv,livegolddaily,2026-07-29,nick,,a3976cc3063c8b2c,60be6ae14e080273,3280,128,56544,0.709,2026-08-27T02:54:32Z,nick
livegolddaily_137.csv,livegolddaily,2026-08-04,nick,,c8ede242cf8c84a1,03d59e24af31e3e7,3220,127,56556,0.724,2026-08-27T02:54:32Z,nick
livegolddaily_138.csv,livegolddaily,2026-08-04,nick,,e628e9f8b9d63ad7,9cf7edcabf18c66c,3225,127,55006,0.722,2026-08-27T02:54:32Z,nick
livegolddaily_139.csv,livegolddaily,2026-08-04,nick,,8949b12e397ca266,9891817c203ce7bf,3152,124,55451,0.743,2026-08-27T02:54:32Z,nick
livegolddaily_141.csv,livegolddaily,2026-08-04,nick,,b6dfeab4797f49a1,5bf1fcdcb6e05d38,3252,127,56675,0.716,2026-08-27T02:54:32Z,nick
livegolddaily_142.csv,livegolddaily,2026-08-04,nick,,f8caa5be843678e8,58c070de2d7a80a2,3237,127,55495,0.709,2026-08-27T02:54:32Z,nick
livegolddaily_143.csv,livegolddaily,2026-08-11,nick,,26c8349928b9c4f0,079d297be810c824,3279,128,56997,0.706,2026-08-27T02:54:32Z,nick
livegolddaily_144.csv,livegolddaily,2026-08-11,nick,,6bd7b6ecd9630a58,9a469ae4d603d3e3,3280,128,55386,0.712,2026-08-27T02:54:32Z,nick
livegolddaily_145.csv,livegolddaily,2026-08-11,nick,,01d294f5432f982d,24e0cec0d622afef,3190,126,56629,0.745,2026-08-27T02:54:32Z,nick
livegolddaily_146.csv,livegolddaily,2026-08-11,nick,,66cd74966e0071b2,7b0a77cd289206a1,3181,125,55496,0.732,2026-08-27T02:54:32Z,nick
livegolddaily_147.csv,livegolddaily,2026-08-11,nick,,1765ce17aa60c7f1,2a2fdcce4c953181,3174,125,56143,0.746,2026-08-27T02:54:32Z,nick
livegolddaily_148.csv,livegolddaily,2026-08-11,nick,,62b704223a3c9ab0,de0020d3d20dd757,3237,127,55799,0.711,2026-08-27T02:54:32Z,nick
livegolddaily_149.csv,livegolddaily,2026-08-11,nick,,05fc65ea87fc94bc,9ae81a63c93ab530,3230,127,55503,0.714,2026-08-27T02:54:32Z,nick
livegolddaily_156.csv,livegolddaily,2026-08-23,nick,,c6899de2cd8ea3d3,d395564c79c06110,3221,128,55539,0.708,2026-08-27T02:54:32Z,nick
livegolddaily_157.csv,livegolddaily,2026-08-23,nick,,7a83043162f87622,222016418d5de147,3195,127,57052,0.716,2026-08-27T02:54:32Z,nick
livegolddaily_158.csv,livegolddaily,2026-08-23,nick,,25e2ede3b8843676,df1e74dd3a863a59,3188,126,54881,0.731,2026-08-27T02:54:32Z,nick
livegolddaily_159.csv,livegolddaily,2026-08-23,nick,,2d40d33c8c107996,482c9873a73d9381,3206,127,56080,0.709,2026-08-27T02:54:32Z,nick
livegolddaily_16.csv,livegolddaily,2026-04-01,nick,,804168bb7bd57de2,70ad7f8d239c39af,1567,61,27241,0.73,2026-08-27T02:54:32Z,nick
livegolddaily_160.csv,livegolddaily,2026-08-23,nick,,db166e94679e0e65,ecaeedade5c76708,3215,128,56925,0.71,2026-08-27T02:54:32Z,nick
livegolddaily_161.csv,livegolddaily,2026-08-23,nick,,1419da4d9b323976,3c4edefdad0adab3,3190,126,54494,0.706,2026-08-27T02:54:32Z,nick
livegolddaily_162.csv,livegolddaily,2026-08-23,nick,,31e3219610cb928a,ebc4c92946f9d06e,3217,128,55755,0.718,2026-08-27T02:54:33Z,nick
livegolddaily_23.csv,livegolddaily,2026-04-09,nick,,62c6d5dbdf8a8cd2,2998f8851f75fc4a,3171,124,56034,0.713,2026-08-27T02:54:33Z,nick
livegolddaily_24.csv,livegolddaily,2026-04-09,nick,,33ed894c5214cea6,806acab3eaeac848,3267,127,55377,0.704,2026-08-27T02:54:33Z,nick
livegolddaily_25.csv,livegolddaily,2026-04-09,nick,,b48f04c4cf045fb9,e4f999454d642d85,3196,125,54518,0.697,2026-08-27T02:54:33Z,nick
livegolddaily_28.csv,livegolddaily,2026-04-12,nick,,9cb6fd787cafe01d,1eada8f01d3650d2,3269,127,55427,0.704,2026-08-27T02:54:33Z,nick
livegolddaily_29.csv,livegolddaily,2026-04-12,nick,,b4951b4e04cb0f45,78c444c384969e09,3291,128,56749,0.698,2026-08-27T02:54:33Z,nick
livegolddaily_30.csv,livegolddaily,2026-04-14,nick,,7f6d4fa801023eec,5440e3a3c5d4b1bb,3269,126,55333,0.696,2026-08-27T02:54:33Z,nick
livegolddaily_31.csv,livegolddaily,2026-04-19,nick,,b463bec369d96fb7,31985912ac1bcb25,3312,128,57128,0.696,2026-08-27T02:54:33Z,nick
livegolddaily_32.csv,livegolddaily,2026-04-19,nick,,ba21c4687f0c200d,476f75a729e5e2e0,3221,125,56112,0.694,2026-08-27T02:54:33Z,nick
livegolddaily_33.csv,livegolddaily,2026-04-19,nick,,cf7e0642a3fdc900,36e062964422b9d4,3247,126,56310,0.71,2026-08-27T02:54:33Z,nick
livegolddaily_34.csv,livegolddaily,2026-04-19,nick,,1e765ab904657f29,1a025271bdfa259d,3142,123,56067,0.707,2026-08-27T02:54:33Z,nick
livegolddaily_37.csv,livegolddaily,2026-04-21,nick,,03114a11823f5180,5bbf7dade354f00b,3249,126,55395,0.691,2026-08-27T02:54:33Z,nick
livegolddaily_38.csv,livegolddaily,2026-04-24,nick,,e0d5ab5cc31d4ece,2ab505c2d80f7de6,3260,128,55007,0.699,2026-08-27T02:54:33Z,nick
livegolddaily_39.csv,livegolddaily,2026-04-24,nick,,9a9d647639482e57,5075603b341cce74,3250,127,56710,0.707,2026-08-27T02:54:33Z,nick
livegolddaily_40.csv,livegolddaily,2026-04-24,nick,,447d03363afd41a4,b8e092f3ef82ee25,3256,127,54225,0.693,2026-08-27T02:54:33Z,nick
livegolddaily_41.csv,livegolddaily,2026-04-24,nick,,dd059fdcb8ddf009,00a60cd41a615613,3240,126,55549,0.697,2026-08-27T02:54:33Z,nick
livegolddaily_43.csv,livegolddaily,2026-04-28,nick,,7a80f916d9aefd8e,a85b4144402bdb75,3177,124,54518,0.697,2026-08-27T02:54:33Z,nick
livegolddaily_44.csv,livegolddaily,2026-04-28,nick,,93a681549b0e9a98,ddb2435b2ffafabe,3264,127,54447,0.684,2026-08-27T02:54:34Z,nick
livegolddaily_46.csv,livegolddaily,2026-05-02,nick,,ba351f66234635eb,88d20d416bda0c68,3270,127,55083,0.679,2026-08-27T02:54:34Z,nick
livegolddaily_47.csv,livegolddaily,2026-05-02,nick,,55305cb5691acb8a,493443a0e94e5462,3161,123,54179,0.697,2026-08-27T02:54:34Z,nick
livegolddaily_49.csv,livegolddaily,2026-05-02,nick,,1efc51c5ea4d20bf,8b97c698d13ddd3d,3217,125,57482,0.699,2026-08-27T02:54:34Z,nick
livegolddaily_4_tourn_export.csv,livegolddaily,2026-03-18,nick,,c8a96ef7729cef0f,fcc8e787815f7d8c,1499,60,25820,0.751,2026-08-27T02:54:34Z,nick
livegolddaily_51.csv,livegolddaily,2026-05-10,nick,,f11f8f9966eb100d,5528e4eb67c0afcf,3241,126,55156,0.694,2026-08-27T02:54:34Z,nick
livegolddaily_52.csv,livegolddaily,2026-05-10,nick,,f62718ae4012174f,f13022fc5a462c3b,3105,123,54970,0.703,2026-08-27T02:54:34Z,nick
livegolddaily_53.csv,livegolddaily,2026-05-10,nick,,e965097781d5aafe,049664b7072b7df9,3190,126,55053,0.703,2026-08-27T02:54:34Z,nick
livegolddaily_54.csv,livegolddaily,2026-05-10,nick,,c360f5ee5d4c92aa,3a83b70058af2897,3165,124,54882,0.702,2026-08-27T02:54:34Z,nick
livegolddaily_56.csv,livegolddaily,2026-05-10,nick,,32542c4dc215c46a,2429b348ac5872a1,3155,124,53986,0.696,2026-08-27T02:54:34Z,nick
livegolddaily_57.csv,livegolddaily,2026-05-12,nick,,1c7a78057d3d6d89,f93c8cbac6573e6a,3096,121,55289,0.719,2026-08-27T02:54:34Z,nick
livegolddaily_64.csv,livegolddaily,2026-05-23,nick,,b098849dbbfe2c9a,dfb4079b5bc7c1d1,3162,124,55499,0.739,2026-08-27T02:54:34Z,nick
livegolddaily_66.csv,livegolddaily,2026-05-23,nick,,50998f1164c47129,f8b4c9ebef1d67e3,3236,127,56088,0.702,2026-08-27T02:54:34Z,nick
livegolddaily_67.csv,livegolddaily,2026-05-23,nick,,fe902a6291f67e34,a1cc0e14ee5c3d48,3240,126,56952,0.706,2026-08-27T02:54:34Z,nick
livegolddaily_68.csv,livegolddaily,2026-05-23,nick,,948ce3ba23b499af,33a59c47438374e0,3175,124,57202,0.727,2026-08-27T02:54:34Z,nick
livegolddaily_69.csv,livegolddaily,2026-05-23,nick,,5ccc513a34d7a935,66b51810faa748da,3176,124,55932,0.713,2026-08-27T02:54:34Z,nick
livegolddaily_70.csv,livegolddaily,2026-05-23,nick,,3b04a09c5e028a32,540df50668b1e21f,3206,125,55503,0.719,2026-08-27T02:54:34Z,nick
livegolddaily_71.csv,livegolddaily,2026-05-27,nick,,06beab072bb1c784,0a22107e142c17fa,3172,124,56197,0.723,2026-08-27T02:54:34Z,nick
livegolddaily_73.csv,livegolddaily,2026-05-27,nick,,77dd2a326058d996,b6cf30d1778a0e94,3221,126,54937,0.721,2026-08-27T02:54:34Z,nick
livegolddaily_74.csv,livegolddaily,2026-05-29,nick,,5adae886226a4f4d,639f42bf3c6fe38d,3198,126,54832,0.712,2026-08-27T02:54:34Z,nick
livegolddaily_75.csv,livegolddaily,2026-05-29,nick,,41cabaac0b5b90c5,d508b8f18cb68062,3261,128,57961,0.706,2026-08-27T02:54:35Z,nick
livegolddaily_76.csv,livegolddaily,2026-05-29,nick,,e6ba7b74a10d0cd7,9ff380929aabd495,3240,127,56918,0.704,2026-08-27T02:54:35Z,nick
livegolddaily_82.csv,livegolddaily,2026-06-10,nick,,ecfbb825752ac5f7,1b93365e6aa552c7,3174,126,56826,0.727,2026-08-27T02:54:35Z,nick
livegolddaily_83.csv,livegolddaily,2026-06-10,nick,,e064c31ef80e4ed6,e9bebbe423a274c5,3139,125,55354,0.739,2026-08-27T02:54:35Z,nick
livegolddaily_84.csv,livegolddaily,2026-06-10,nick,,c98fe3bb603bc0c6,f7586d74133891e4,3125,124,55519,0.733,2026-08-27T02:54:35Z,nick
livegolddaily_85.csv,livegolddaily,2026-06-10,nick,,499bd596c88c18ff,3c349a30fe882378,3202,126,58278,0.717,2026-08-27T02:54:35Z,nick
livegolddaily_86.csv,livegolddaily,2026-06-10,nick,,04b4b867b13938ff,96607c1c906c824e,3205,127,56697,0.719,2026-08-27T02:54:35Z,nick
livegolddaily_87.csv,livegolddaily,2026-06-10,nick,,766bb43e89f64b96,ab08e251e6849801,3182,126,54942,0.714,2026-08-27T02:54:35Z,nick
livegolddaily_88.csv,livegolddaily,2026-06-12,nick,,ff2ea73566d328a4,4c4b0d56381cd98d,3182,126,55533,0.735,2026-08-27T02:54:35Z,nick
livegolddaily_89.csv,livegolddaily,2026-06-12,nick,,47e7a8997734fc75,cd0730a35aa73f49,3219,126,56410,0.716,2026-08-27T02:54:35Z,nick
livegolddaily_91.csv,livegolddaily,2026-06-13,nick,,dbd033ecefb77e55,d989eb77de018fff,3188,125,57040,0.728,2026-08-27T02:54:35Z,nick
livegolddaily_92.csv,livegolddaily,2026-06-16,nick,,b5e3e0eac08e09a6,14f68bd26ac9cf43,3164,124,56800,0.73,2026-08-27T02:54:35Z,nick
livegolddaily_93.csv,livegolddaily,2026-06-16,nick,,cab868f74ed4ee69,4881f3fc3890755e,3195,125,55180,0.728,2026-08-27T02:54:35Z,nick
livegolddaily_94.csv,livegolddaily,2026-06-16,nick,,b12301def84be4a4,1dbb24c53b7893d3,3192,125,54534,0.713,2026-08-27T02:54:35Z,nick
livegolddaily_95.csv,livegolddaily,2026-06-19,nick,,5c0834ec73697a13,06d63aef47e0250d,3215,126,56079,0.72,2026-08-27T02:54:35Z,nick
livegolddaily_96.csv,livegolddaily,2026-06-19,nick,,a675eeea02572597,131233216816296e,3223,127,56082,0.709,2026-08-27T02:54:35Z,nick
livegolddaily_97.csv,livegolddaily,2026-06-19,nick,,06aabcda9ef54e06,d829c74ee674c96a,3234,127,56142,0.708,2026-08-27T02:54:35Z,nick
livegolddaily_98.csv,livegolddaily,2026-06-23,nick,,e082a5f43d91e031,dbc5fc5c01c9686c,3188,125,55348,0.728,2026-08-27T02:54:35Z,nick
livegolddaily_99.csv,livegolddaily,2026-06-23,nick,,b648e8ef95fceb7a,10fc90af3c95bf13,3191,125,55791,0.727,2026-08-27T02:54:35Z,nick
sandlot_13.csv,sandlot,2026-06-19,nick,,cb754f4bed2957e8,ddd9c5bf03d34e82,2997,122,55892,0.743,2026-08-27T02:54:35Z,nick
sandlot_14.csv,sandlot,2026-06-25,nick,,b07c4aab94ef04cf,c5fd0750fb328322,3126,126,57513,0.714,2026-08-27T02:54:35Z,nick
sandlot_15.csv,sandlot,2026-07-06,nick,,113b9d9e956f1f41,e2ffa040624bee41,2974,121,54849,0.743,2026-08-27T02:54:36Z,nick
sandlot_16.csv,sandlot,2026-07-08,nick,,116a17d4bc502732,ffc3621ae949d7f4,2947,116,56545,0.761,2026-08-27T02:54:36Z,nick
sandlot_17.csv,sandlot,2026-07-15,nick,,ce07d0cd44811576,6bf3029b601118ae,3128,124,56084,0.709,2026-08-27T02:54:36Z,nick
sandlot_18.csv,sandlot,2026-07-23,nick,,b7d1d83dc1ccd13f,d33ddec9155858be,3050,122,57433,0.744,2026-08-27T02:54:36Z,nick
sandlot_19.csv,sandlot,2026-08-04,nick,,a0a65c78949e1f12,86c5835861e4b325,2974,120,56562,0.751,2026-08-27T02:54:36Z,nick
sandlot_20.csv,sandlot,2026-08-11,nick,,e2276c0b24431abc,13b9e2124fe882ac,3048,123,56562,0.732,2026-08-27T02:54:36Z,nick
sandlot_22.csv,sandlot,2026-08-23,nick,,989c9df7d23be619,e70f959d24313db9,3050,123,55799,0.744,2026-08-27T02:54:36Z,nick
